time,gait(hip),gait(knee),QoE,test1,test2,test3,test4,test5,test6,test7,test8,test9,test10,test11,test12,test13,test14,test15
0.02,4.3945,2.2583,2.933333333,3,4,3,3,3,2,3,3,3,2,4,3,3,3,2
0.04,13.1836,10.1318,2.933333333,3,4,3,3,3,2,3,3,3,2,4,3,3,3,2
0.06,26.062,18.0664,2.933333333,3,4,3,3,3,2,3,3,3,2,4,3,3,3,2
0.08,41.687,40.7715,2.933333333,3,4,3,3,3,2,3,3,3,2,4,3,3,3,2
0.1,59.1431,61.2793,2.933333333,3,4,3,3,3,2,3,3,3,2,4,3,3,3,2
0.12,75.9888,80.0781,2.933333333,3,4,3,3,3,2,3,3,3,2,4,3,3,3,2
0.14,82.0923,90.21,2.933333333,3,4,3,3,3,2,3,3,3,2,4,3,3,3,2
0.16,90.5151,90.21,2.933333333,3,4,3,3,3,2,3,3,3,2,4,3,3,3,2
0.18,106.0791,84.6558,2.933333333,3,4,3,3,3,2,3,3,3,2,4,3,3,3,2
0.2,117.6147,89.1724,2.933333333,3,4,3,3,3,2,3,3,3,2,4,3,3,3,2
0.22,108.6426,93.0176,2.933333333,3,4,3,3,3,2,3,3,3,2,4,3,3,3,2
0.24,93.1396,90.8203,2.933333333,3,4,3,3,3,2,3,3,3,2,4,3,3,3,2
0.26,74.9512,76.7822,2.933333333,3,4,3,3,3,2,3,3,3,2,4,3,3,3,2
0.28,63.0493,64.0869,2.933333333,3,4,3,3,3,2,3,3,3,2,4,3,3,3,2
0.3,63.0493,60.9131,2.933333333,3,4,3,3,3,2,3,3,3,2,4,3,3,3,2
0.32,57.4341,60.791,2.933333333,3,4,3,3,3,2,3,3,3,2,4,3,3,3,2
0.34,53.4058,55.2368,2.933333333,3,4,3,3,3,2,3,3,3,2,4,3,3,3,2
0.36,63.5986,50.5981,2.933333333,3,4,3,3,3,2,3,3,3,2,4,3,3,3,2
0.38,63.9038,45.166,2.933333333,3,4,3,3,3,2,3,3,3,2,4,3,3,3,2
0.4,49.4385,34.3018,2.933333333,3,4,3,3,3,2,3,3,3,2,4,3,3,3,2
0.42,38.6963,28.8696,2.933333333,3,4,3,3,3,2,3,3,3,2,4,3,3,3,2
0.44,27.8931,18.7988,2.933333333,3,4,3,3,3,2,3,3,3,2,4,3,3,3,2
0.46,14.9536,3.0518,2.933333333,3,4,3,3,3,2,3,3,3,2,4,3,3,3,2
0.48,-0.5493,-11.5356,2.933333333,3,4,3,3,3,2,3,3,3,2,4,3,3,3,2
0.5,-22.8271,-28.1372,2.933333333,3,4,3,3,3,2,3,3,3,2,4,3,3,3,2
0.52,-51.1475,-46.9971,2.933333333,3,4,3,3,3,2,3,3,3,2,4,3,3,3,2
0.54,-71.9604,-55.3589,2.933333333,3,4,3,3,3,2,3,3,3,2,4,3,3,3,2
0.56,-78.186,-56.8237,2.933333333,3,4,3,3,3,2,3,3,3,2,4,3,3,3,2
0.58,-72.3877,-41.5649,2.933333333,3,4,3,3,3,2,3,3,3,2,4,3,3,3,2
0.6,-56.9458,-24.7803,2.933333333,3,4,3,3,3,2,3,3,3,2,4,3,3,3,2
0.62,-39.1235,-42.6025,2.933333333,3,4,3,3,3,2,3,3,3,2,4,3,3,3,2
0.64,-34.8511,-57.6172,2.933333333,3,4,3,3,3,2,3,3,3,2,4,3,3,3,2
0.66,-33.4473,-42.2974,2.933333333,3,4,3,3,3,2,3,3,3,2,4,3,3,3,2
0.68,-29.2969,-26.4893,2.933333333,3,4,3,3,3,2,3,3,3,2,4,3,3,3,2
0.7,-28.9917,6.2256,2.933333333,3,4,3,3,3,2,3,3,3,2,4,3,3,3,2
0.72,-18.0054,-1.0376,2.933333333,3,4,3,3,3,2,3,3,3,2,4,3,3,3,2
0.74,-5.6152,-21.1792,2.933333333,3,4,3,3,3,2,3,3,3,2,4,3,3,3,2
0.76,-4.1504,-24.4751,2.933333333,3,4,3,3,3,2,3,3,3,2,4,3,3,3,2
0.78,-15.3198,-17.1509,2.933333333,3,4,3,3,3,2,3,3,3,2,4,3,3,3,2
0.8,-37.6587,-21.6064,2.933333333,3,4,3,3,3,2,3,3,3,2,4,3,3,3,2
0.82,-57.9224,-27.771,2.933333333,3,4,3,3,3,2,3,3,3,2,4,3,3,3,2
0.84,-63.4155,-28.6255,2.933333333,3,4,3,3,3,2,3,3,3,2,4,3,3,3,2
0.86,-51.2085,-32.1045,2.933333333,3,4,3,3,3,2,3,3,3,2,4,3,3,3,2
0.88,-39.3677,-31.6162,2.933333333,3,4,3,3,3,2,3,3,3,2,4,3,3,3,2
0.9,-37.5366,-25.6958,2.933333333,3,4,3,3,3,2,3,3,3,2,4,3,3,3,2
0.92,-41.8091,-24.0479,2.933333333,3,4,3,3,3,2,3,3,3,2,4,3,3,3,2
0.94,-50.9644,-25.0854,2.933333333,3,4,3,3,3,2,3,3,3,2,4,3,3,3,2
0.96,-52.5513,-29.9072,2.933333333,3,4,3,3,3,2,3,3,3,2,4,3,3,3,2
0.98,-54.7344,-35.8887,2.933333333,3,4,3,3,3,2,3,3,3,2,4,3,3,3,2
1,-47.7583,-40.9546,2.933333333,3,4,3,3,3,2,3,3,3,2,4,3,3,3,2
1.02,-45.9595,-43.5791,2.933333333,3,4,3,3,3,2,3,3,3,2,4,3,3,3,2
1.04,-40.3442,-43.5181,2.933333333,3,4,3,3,3,2,3,3,3,2,4,3,3,3,2
1.06,-35.4614,-40.7104,2.933333333,3,4,3,3,3,2,3,3,3,2,4,3,3,3,2
1.08,-38.269,-37.4756,2.933333333,3,4,3,3,3,2,3,3,3,2,4,3,3,3,2
1.1,-41.0156,-34.729,2.933333333,3,4,3,3,3,2,3,3,3,2,4,3,3,3,2
1.12,-40.3442,-33.2031,2.933333333,3,4,3,3,3,2,3,3,3,2,4,3,3,3,2
1.14,-37.6587,-36.1938,2.933333333,3,4,3,3,3,2,3,3,3,2,4,3,3,3,2
1.16,-34.79,-37.3535,2.933333333,3,4,3,3,3,2,3,3,3,2,4,3,3,3,2
1.18,-32.3486,-32.8979,2.933333333,3,4,3,3,3,2,3,3,3,2,4,3,3,3,2
1.2,-30.9448,-24.7192,2.933333333,3,4,3,3,3,2,3,3,3,2,4,3,3,3,2
1.22,-25.8789,-18.7378,2.933333333,3,4,3,3,3,2,3,3,3,2,4,3,3,3,2
1.24,-20.4468,-16.2964,2.933333333,3,4,3,3,3,2,3,3,3,2,4,3,3,3,2
1.26,-11.4746,-11.2915,2.933333333,3,4,3,3,3,2,3,3,3,2,4,3,3,3,2
1.28,1.3428,24.1699,3.333333333,4,3,3,3,2,2,4,4,4,4,3,4,3,4,3
1.3,15.0146,60.9741,3.333333333,4,3,3,3,2,2,4,4,4,4,3,4,3,4,3
1.32,31.311,103.6377,3.333333333,4,3,3,3,2,2,4,4,4,4,3,4,3,4,3
1.34,31.311,95.8252,3.333333333,4,3,3,3,2,2,4,4,4,4,3,4,3,4,3
1.36,45.166,107.2998,3.333333333,4,3,3,3,2,2,4,4,4,4,3,4,3,4,3
1.38,58.1665,116.6992,3.333333333,4,3,3,3,2,2,4,4,4,4,3,4,3,4,3
1.4,73.2422,114.6851,3.333333333,4,3,3,3,2,2,4,4,4,4,3,4,3,4,3
1.42,82.7637,100.3418,3.333333333,4,3,3,3,2,2,4,4,4,4,3,4,3,4,3
1.44,97.8394,82.0313,3.333333333,4,3,3,3,2,2,4,4,4,4,3,4,3,4,3
1.46,125.2441,89.4775,3.333333333,4,3,3,3,2,2,4,4,4,4,3,4,3,4,3
1.48,146.3623,94.8486,3.333333333,4,3,3,3,2,2,4,4,4,4,3,4,3,4,3
1.5,147.2778,91.6748,3.333333333,4,3,3,3,2,2,4,4,4,4,3,4,3,4,3
1.52,135.8643,76.4771,3.333333333,4,3,3,3,2,2,4,4,4,4,3,4,3,4,3
1.54,118.8965,60.4858,3.333333333,4,3,3,3,2,2,4,4,4,4,3,4,3,4,3
1.56,115.7227,51.6357,3.333333333,4,3,3,3,2,2,4,4,4,4,3,4,3,4,3
1.58,115.9058,45.8374,3.333333333,4,3,3,3,2,2,4,4,4,4,3,4,3,4,3
1.6,116.8823,36.499,3.333333333,4,3,3,3,2,2,4,4,4,4,3,4,3,4,3
1.62,108.7646,21.7896,3.333333333,4,3,3,3,2,2,4,4,4,4,3,4,3,4,3
1.64,89.1724,7.5684,3.333333333,4,3,3,3,2,2,4,4,4,4,3,4,3,4,3
1.66,66.9556,-4.5166,3.333333333,4,3,3,3,2,2,4,4,4,4,3,4,3,4,3
1.68,48.8892,-14.3433,3.333333333,4,3,3,3,2,2,4,4,4,4,3,4,3,4,3
1.7,29.2358,-32.4707,3.333333333,4,3,3,3,2,2,4,4,4,4,3,4,3,4,3
1.72,8.9111,-49.9878,3.333333333,4,3,3,3,2,2,4,4,4,4,3,4,3,4,3
1.74,-13.4277,-60.3638,3.333333333,4,3,3,3,2,2,4,4,4,4,3,4,3,4,3
1.76,-33.5693,-79.7119,3.333333333,4,3,3,3,2,2,4,4,4,4,3,4,3,4,3
1.78,-53.772,-78.3081,3.333333333,4,3,3,3,2,2,4,4,4,4,3,4,3,4,3
1.8,-70.2515,-70.3125,3.333333333,4,3,3,3,2,2,4,4,4,4,3,4,3,4,3
1.82,-79.1016,-56.2134,3.333333333,4,3,3,3,2,2,4,4,4,4,3,4,3,4,3
1.84,-83.8623,-31.6772,3.333333333,4,3,3,3,2,2,4,4,4,4,3,4,3,4,3
1.86,-84.6558,-13.6719,3.333333333,4,3,3,3,2,2,4,4,4,4,3,4,3,4,3
1.88,-85.3271,-16.4795,3.333333333,4,3,3,3,2,2,4,4,4,4,3,4,3,4,3
1.9,-84.9609,-12.8174,3.333333333,4,3,3,3,2,2,4,4,4,4,3,4,3,4,3
1.92,-78.064,-18.2495,3.333333333,4,3,3,3,2,2,4,4,4,4,3,4,3,4,3
1.94,-68.2373,-26.062,3.333333333,4,3,3,3,2,2,4,4,4,4,3,4,3,4,3
1.96,-53.1616,-38.3301,3.333333333,4,3,3,3,2,2,4,4,4,4,3,4,3,4,3
1.98,-31.0669,-46.4478,3.333333333,4,3,3,3,2,2,4,4,4,4,3,4,3,4,3
2,-16.4795,-42.1753,3.333333333,4,3,3,3,2,2,4,4,4,4,3,4,3,4,3
2.02,-8.4229,-38.3911,3.333333333,4,3,3,3,2,2,4,4,4,4,3,4,3,4,3
2.04,-18.0664,-37.7197,3.333333333,4,3,3,3,2,2,4,4,4,4,3,4,3,4,3
2.06,-42.1753,-42.9688,3.333333333,4,3,3,3,2,2,4,4,4,4,3,4,3,4,3
2.08,-58.6548,-49.4995,3.333333333,4,3,3,3,2,2,4,4,4,4,3,4,3,4,3
2.1,-67.1997,-48.2178,3.333333333,4,3,3,3,2,2,4,4,4,4,3,4,3,4,3
2.12,-66.1011,-44.9219,3.333333333,4,3,3,3,2,2,4,4,4,4,3,4,3,4,3
2.14,-64.5752,-42.9077,3.333333333,4,3,3,3,2,2,4,4,4,4,3,4,3,4,3
2.16,-60.791,-49.5605,3.333333333,4,3,3,3,2,2,4,4,4,4,3,4,3,4,3
2.18,-49.8047,-42.9077,3.333333333,4,3,3,3,2,2,4,4,4,4,3,4,3,4,3
2.2,-37.3535,-49.5605,3.333333333,4,3,3,3,2,2,4,4,4,4,3,4,3,4,3
2.22,-37.6587,-47.4854,3.333333333,4,3,3,3,2,2,4,4,4,4,3,4,3,4,3
2.24,-40.5884,-50.0488,3.333333333,4,3,3,3,2,2,4,4,4,4,3,4,3,4,3
2.26,-44.1895,-50.293,3.333333333,4,3,3,3,2,2,4,4,4,4,3,4,3,4,3
2.28,-49.7437,-49.3774,3.333333333,4,3,3,3,2,2,4,4,4,4,3,4,3,4,3
2.3,-54.3213,-48.5229,3.333333333,4,3,3,3,2,2,4,4,4,4,3,4,3,4,3
2.32,-52.9785,-49.6216,3.333333333,4,3,3,3,2,2,4,4,4,4,3,4,3,4,3
2.34,-46.0205,-48.2788,3.333333333,4,3,3,3,2,2,4,4,4,4,3,4,3,4,3
2.36,-43.0298,-47.6074,3.333333333,4,3,3,3,2,2,4,4,4,4,3,4,3,4,3
2.38,-45.3491,-48.2788,3.333333333,4,3,3,3,2,2,4,4,4,4,3,4,3,4,3
2.4,-43.9453,-44.4946,3.333333333,4,3,3,3,2,2,4,4,4,4,3,4,3,4,3
2.42,-35.8887,-39.0625,3.333333333,4,3,3,3,2,2,4,4,4,4,3,4,3,4,3
2.44,-26.062,-26.062,3.333333333,4,3,3,3,2,2,4,4,4,4,3,4,3,4,3
2.46,-18.6157,-9.4604,3.333333333,4,3,3,3,2,2,4,4,4,4,3,4,3,4,3
2.48,-6.897,-10.0098,3.333333333,4,3,3,3,2,2,4,4,4,4,3,4,3,4,3
2.5,5.6152,3.9673,3.4,3,3,4,3,4,3,3,3,2,3,4,4,4,4,4
2.52,34.729,21.0641,3.4,3,3,4,3,4,3,3,3,2,3,4,4,4,4,4
2.54,73.3643,28.7476,3.4,3,3,4,3,4,3,3,3,2,3,4,4,4,4,4
2.56,97.7783,36.2549,3.4,3,3,4,3,4,3,3,3,2,3,4,4,4,4,4
2.58,105.3467,42.5415,3.4,3,3,4,3,4,3,3,3,2,3,4,4,4,4,4
2.6,114.3188,76.9043,3.4,3,3,4,3,4,3,3,3,2,3,4,4,4,4,4
2.62,138.916,126.2817,3.4,3,3,4,3,4,3,3,3,2,3,4,4,4,4,4
2.64,146.7285,150.9399,3.4,3,3,4,3,4,3,3,3,2,3,4,4,4,4,4
2.66,136.9019,153.3813,3.4,3,3,4,3,4,3,3,3,2,3,4,4,4,4,4
2.68,111.3281,154.7852,3.4,3,3,4,3,4,3,3,3,2,3,4,4,4,4,4
2.7,110.2905,154.4189,3.4,3,3,4,3,4,3,3,3,2,3,4,4,4,4,4
2.72,102.478,131.2866,3.4,3,3,4,3,4,3,3,3,2,3,4,4,4,4,4
2.74,87.8906,112.3657,3.4,3,3,4,3,4,3,3,3,2,3,4,4,4,4,4
2.76,82.0923,117.6758,3.4,3,3,4,3,4,3,3,3,2,3,4,4,4,4,4
2.78,75.5615,119.9951,3.4,3,3,4,3,4,3,3,3,2,3,4,4,4,4,4
2.8,76.416,100.0977,3.4,3,3,4,3,4,3,3,3,2,3,4,4,4,4,4
2.82,66.3452,69.8853,3.4,3,3,4,3,4,3,3,3,2,3,4,4,4,4,4
2.84,52.6123,45.5933,3.4,3,3,4,3,4,3,3,3,2,3,4,4,4,4,4
2.86,27.3438,26.4282,3.4,3,3,4,3,4,3,3,3,2,3,4,4,4,4,4
2.88,-5.5542,7.2632,3.4,3,3,4,3,4,3,3,3,2,3,4,4,4,4,4
2.9,-43.5181,-23.3154,3.4,3,3,4,3,4,3,3,3,2,3,4,4,4,4,4
2.92,-84.8389,-57.1289,3.4,3,3,4,3,4,3,3,3,2,3,4,4,4,4,4
2.94,-116.1499,-71.7773,3.4,3,3,4,3,4,3,3,3,2,3,4,4,4,4,4
2.96,-131.1646,-81.665,3.4,3,3,4,3,4,3,3,3,2,3,4,4,4,4,4
2.98,-125.2441,-91.0034,3.4,3,3,4,3,4,3,3,3,2,3,4,4,4,4,4
3,-81.604,-90.0269,3.4,3,3,4,3,4,3,3,3,2,3,4,4,4,4,4
3.02,1.6479,-81.0547,3.4,3,3,4,3,4,3,3,3,2,3,4,4,4,4,4
3.04,35.4004,-79.4067,3.4,3,3,4,3,4,3,3,3,2,3,4,4,4,4,4
3.06,7.3242,-94.1772,3.4,3,3,4,3,4,3,3,3,2,3,4,4,4,4,4
3.08,-22.1558,-72.1436,3.4,3,3,4,3,4,3,3,3,2,3,4,4,4,4,4
3.1,-35.5835,-16.1133,3.4,3,3,4,3,4,3,3,3,2,3,4,4,4,4,4
3.12,-37.7808,25.7568,3.4,3,3,4,3,4,3,3,3,2,3,4,4,4,4,4
3.14,-35.2173,25.0244,3.4,3,3,4,3,4,3,3,3,2,3,4,4,4,4,4
3.16,-55.9692,-8.4229,3.4,3,3,4,3,4,3,3,3,2,3,4,4,4,4,4
3.18,-86.9751,-40.7104,3.4,3,3,4,3,4,3,3,3,2,3,4,4,4,4,4
3.2,-93.689,-62.561,3.4,3,3,4,3,4,3,3,3,2,3,4,4,4,4,4
3.22,-77.5757,-56.6406,3.4,3,3,4,3,4,3,3,3,2,3,4,4,4,4,4
3.24,-74.585,-54.9927,3.4,3,3,4,3,4,3,3,3,2,3,4,4,4,4,4
3.26,-75.5615,-62.8052,3.4,3,3,4,3,4,3,3,3,2,3,4,4,4,4,4
3.28,-83.4961,-71.8994,3.4,3,3,4,3,4,3,3,3,2,3,4,4,4,4,4
3.3,-87.8906,-71.2891,3.4,3,3,4,3,4,3,3,3,2,3,4,4,4,4,4
3.32,-91.8579,-63.5376,3.4,3,3,4,3,4,3,3,3,2,3,4,4,4,4,4
3.34,-84.4116,-51.7578,3.4,3,3,4,3,4,3,3,3,2,3,4,4,4,4,4
3.36,-70.0073,-45.3491,3.4,3,3,4,3,4,3,3,3,2,3,4,4,4,4,4
3.38,-60.1807,-49.2554,3.4,3,3,4,3,4,3,3,3,2,3,4,4,4,4,4
3.4,-60.5469,-54.9316,3.4,3,3,4,3,4,3,3,3,2,3,4,4,4,4,4
3.42,-63.8428,-54.9316,3.4,3,3,4,3,4,3,3,3,2,3,4,4,4,4,4
3.44,-61.0962,-55.1758,3.4,3,3,4,3,4,3,3,3,2,3,4,4,4,4,4
3.46,-48.4009,-56.1523,3.4,3,3,4,3,4,3,3,3,2,3,4,4,4,4,4
3.48,-27.1606,-44.6777,3.4,3,3,4,3,4,3,3,3,2,3,4,4,4,4,4
3.5,-2.6245,-31.3721,3.4,3,3,4,3,4,3,3,3,2,3,4,4,4,4,4
3.52,5.0049,13.0005,2.733333333,2,3,4,2,3,3,3,4,3,3,2,2,3,2,2
3.54,24.292,29.9072,2.733333333,2,3,4,2,3,3,3,4,3,3,2,2,3,2,2
3.56,47.5464,48.0347,2.733333333,2,3,4,2,3,3,3,4,3,3,2,2,3,2,2
3.58,65.5518,120.2393,2.733333333,2,3,4,2,3,3,3,4,3,3,2,2,3,2,2
3.6,79.2847,138.2446,2.733333333,2,3,4,2,3,3,3,4,3,3,2,2,3,2,2
3.62,100.769,132.5684,2.733333333,2,3,4,2,3,3,3,4,3,3,2,2,3,2,2
3.64,122.7417,101.3794,2.733333333,2,3,4,2,3,3,3,4,3,3,2,2,3,2,2
3.66,133.1787,94.5435,2.733333333,2,3,4,2,3,3,3,4,3,3,2,2,3,2,2
3.68,144.7144,99.1211,2.733333333,2,3,4,2,3,3,3,4,3,3,2,2,3,2,2
3.7,123.7183,100.4639,2.733333333,2,3,4,2,3,3,3,4,3,3,2,2,3,2,2
3.72,90.6982,117.981,2.733333333,2,3,4,2,3,3,3,4,3,3,2,2,3,2,2
3.74,74.8291,124.4507,2.733333333,2,3,4,2,3,3,3,4,3,3,2,2,3,2,2
3.76,74.0356,102.7832,2.733333333,2,3,4,2,3,3,3,4,3,3,2,2,3,2,2
3.78,79.1626,65.4297,2.733333333,2,3,4,2,3,3,3,4,3,3,2,2,3,2,2
3.8,82.0923,33.6914,2.733333333,2,3,4,2,3,3,3,4,3,3,2,2,3,2,2
3.82,83.9233,14.7705,2.733333333,2,3,4,2,3,3,3,4,3,3,2,2,3,2,2
3.84,72.8149,0.7324,2.733333333,2,3,4,2,3,3,3,4,3,3,2,2,3,2,2
3.86,51.8188,-24.6582,2.733333333,2,3,4,2,3,3,3,4,3,3,2,2,3,2,2
3.88,31.4331,-49.3164,2.733333333,2,3,4,2,3,3,3,4,3,3,2,2,3,2,2
3.9,5.8594,-61.1572,2.733333333,2,3,4,2,3,3,3,4,3,3,2,2,3,2,2
3.92,-25.5127,-62.2559,2.733333333,2,3,4,2,3,3,3,4,3,3,2,2,3,2,2
3.94,-53.1616,-65.4297,2.733333333,2,3,4,2,3,3,3,4,3,3,2,2,3,2,2
3.96,-85.083,-57.0679,2.733333333,2,3,4,2,3,3,3,4,3,3,2,2,3,2,2
3.98,-112.4878,-67.749,2.733333333,2,3,4,2,3,3,3,4,3,3,2,2,3,2,2
4,-119.2627,-110.4126,2.733333333,2,3,4,2,3,3,3,4,3,3,2,2,3,2,2
4.02,-79.9561,-63.3545,2.733333333,2,3,4,2,3,3,3,4,3,3,2,2,3,2,2
4.04,-20.4468,-36.5601,2.733333333,2,3,4,2,3,3,3,4,3,3,2,2,3,2,2
4.06,14.6484,-24.5972,2.733333333,2,3,4,2,3,3,3,4,3,3,2,2,3,2,2
4.08,-9.7656,-47.7295,2.733333333,2,3,4,2,3,3,3,4,3,3,2,2,3,2,2
4.1,-29.2358,-28.9307,2.733333333,2,3,4,2,3,3,3,4,3,3,2,2,3,2,2
4.12,-42.9077,-31.4941,2.733333333,2,3,4,2,3,3,3,4,3,3,2,2,3,2,2
4.14,-48.9502,-40.1611,2.733333333,2,3,4,2,3,3,3,4,3,3,2,2,3,2,2
4.16,-51.3916,-32.5317,2.733333333,2,3,4,2,3,3,3,4,3,3,2,2,3,2,2
4.18,-55.1147,-45.0439,2.733333333,2,3,4,2,3,3,3,4,3,3,2,2,3,2,2
4.2,-65.979,-36.8042,2.733333333,2,3,4,2,3,3,3,4,3,3,2,2,3,2,2
4.22,-73.7305,-28.2593,2.733333333,2,3,4,2,3,3,3,4,3,3,2,2,3,2,2
4.24,-72.5098,-29.2969,2.733333333,2,3,4,2,3,3,3,4,3,3,2,2,3,2,2
4.26,-68.8477,-38.0249,2.733333333,2,3,4,2,3,3,3,4,3,3,2,2,3,2,2
4.28,-76.7822,-54.0161,2.733333333,2,3,4,2,3,3,3,4,3,3,2,2,3,2,2
4.3,-76.1108,-60.4858,2.733333333,2,3,4,2,3,3,3,4,3,3,2,2,3,2,2
4.32,-65.7349,-60.3638,2.733333333,2,3,4,2,3,3,3,4,3,3,2,2,3,2,2
4.34,-61.2793,-58.3496,2.733333333,2,3,4,2,3,3,3,4,3,3,2,2,3,2,2
4.36,-61.1572,-59.8755,2.733333333,2,3,4,2,3,3,3,4,3,3,2,2,3,2,2
4.38,-67.4438,-57.9224,2.733333333,2,3,4,2,3,3,3,4,3,3,2,2,3,2,2
4.4,-74.4019,-57.8613,2.733333333,2,3,4,2,3,3,3,4,3,3,2,2,3,2,2
4.42,-73.4863,-49.1943,2.733333333,2,3,4,2,3,3,3,4,3,3,2,2,3,2,2
4.44,-72.0825,-45.5933,2.733333333,2,3,4,2,3,3,3,4,3,3,2,2,3,2,2
4.46,-66.2231,-37.6587,2.733333333,2,3,4,2,3,3,3,4,3,3,2,2,3,2,2
4.48,-58.8379,-34.1797,2.733333333,2,3,4,2,3,3,3,4,3,3,2,2,3,2,2
4.5,-44.3115,-31.4941,2.733333333,2,3,4,2,3,3,3,4,3,3,2,2,3,2,2
4.52,-26.9165,-9.1235,2.733333333,2,3,4,2,3,3,3,4,3,3,2,2,3,2,2
4.54,-5.6152,-8.728,2.733333333,2,3,4,2,3,3,3,4,3,3,2,2,3,2,2
4.56,-0.8545,1.0986,2.6,3,2,2,3,2,3,3,3,3,2,4,2,2,2,3
4.58,11.2305,22.522,2.6,3,2,2,3,2,3,3,3,3,2,4,2,2,2,3
4.6,11.2305,55.9692,2.6,3,2,2,3,2,3,3,3,3,2,4,2,2,2,3
4.62,21.9727,74.585,2.6,3,2,2,3,2,3,3,3,3,2,4,2,2,2,3
4.64,34.3018,82.2754,2.6,3,2,2,3,2,3,3,3,3,2,4,2,2,2,3
4.66,46.0815,121.582,2.6,3,2,2,3,2,3,3,3,3,2,4,2,2,2,3
4.68,55.542,130.6152,2.6,3,2,2,3,2,3,3,3,3,2,4,2,2,2,3
4.7,71.167,135.2539,2.6,3,2,2,3,2,3,3,3,3,2,4,2,2,2,3
4.72,102.6001,123.4741,2.6,3,2,2,3,2,3,3,3,3,2,4,2,2,2,3
4.74,126.8921,112.9761,2.6,3,2,2,3,2,3,3,3,3,2,4,2,2,2,3
4.76,132.1411,112.6099,2.6,3,2,2,3,2,3,3,3,3,2,4,2,2,2,3
4.78,123.4131,121.0327,2.6,3,2,2,3,2,3,3,3,3,2,4,2,2,2,3
4.8,114.9902,131.7139,2.6,3,2,2,3,2,3,3,3,3,2,4,2,2,2,3
4.82,104.3091,119.3848,2.6,3,2,2,3,2,3,3,3,3,2,4,2,2,2,3
4.84,90.5151,97.4731,2.6,3,2,2,3,2,3,3,3,3,2,4,2,2,2,3
4.86,74.0356,82.4585,2.6,3,2,2,3,2,3,3,3,3,2,4,2,2,2,3
4.88,77.3926,69.7632,2.6,3,2,2,3,2,3,3,3,3,2,4,2,2,2,3
4.9,86.1206,56.1523,2.6,3,2,2,3,2,3,3,3,3,2,4,2,2,2,3
4.92,87.8296,35.4004,2.6,3,2,2,3,2,3,3,3,3,2,4,2,2,2,3
4.94,74.8901,11.7188,2.6,3,2,2,3,2,3,3,3,3,2,4,2,2,2,3
4.96,56.8237,-1.6479,2.6,3,2,2,3,2,3,3,3,3,2,4,2,2,2,3
4.98,36.8652,-21.6064,2.6,3,2,2,3,2,3,3,3,3,2,4,2,2,2,3
5,16.1133,-42.8467,2.6,3,2,2,3,2,3,3,3,3,2,4,2,2,2,3
5.02,-6.2866,-48.584,2.6,3,2,2,3,2,3,3,3,3,2,4,2,2,2,3
5.04,-25.2686,-48.584,2.6,3,2,2,3,2,3,3,3,3,2,4,2,2,2,3
5.06,-45.2271,-38.7573,2.6,3,2,2,3,2,3,3,3,3,2,4,2,2,2,3
5.08,-71.2891,-73.7915,2.6,3,2,2,3,2,3,3,3,3,2,4,2,2,2,3
5.1,-90.8813,-52.7954,2.6,3,2,2,3,2,3,3,3,3,2,4,2,2,2,3
5.12,-77.2095,-26.9165,2.6,3,2,2,3,2,3,3,3,3,2,4,2,2,2,3
5.14,-51.7578,-9.0332,2.6,3,2,2,3,2,3,3,3,3,2,4,2,2,2,3
5.16,-22.0947,-32.6538,2.6,3,2,2,3,2,3,3,3,3,2,4,2,2,2,3
5.18,-21.3623,-55.2979,2.6,3,2,2,3,2,3,3,3,3,2,4,2,2,2,3
5.2,-28.0762,-57.8003,2.6,3,2,2,3,2,3,3,3,3,2,4,2,2,2,3
5.22,-30.7007,-78.064,2.6,3,2,2,3,2,3,3,3,3,2,4,2,2,2,3
5.24,-31.9214,-71.7163,2.6,3,2,2,3,2,3,3,3,3,2,4,2,2,2,3
5.26,-35.4614,-74.0967,2.6,3,2,2,3,2,3,3,3,3,2,4,2,2,2,3
5.28,-42.7856,-82.1533,2.6,3,2,2,3,2,3,3,3,3,2,4,2,2,2,3
5.3,-47.4854,-74.9512,2.6,3,2,2,3,2,3,3,3,3,2,4,2,2,2,3
5.32,-55.603,-64.27,2.6,3,2,2,3,2,3,3,3,3,2,4,2,2,2,3
5.34,-48.7671,-65.0073,2.6,3,2,2,3,2,3,3,3,3,2,4,2,2,2,3
5.36,-46.936,-67.3218,2.6,3,2,2,3,2,3,3,3,3,2,4,2,2,2,3
5.38,-64.0259,-76.2939,2.6,3,2,2,3,2,3,3,3,3,2,4,2,2,2,3
5.4,-88.9893,-80.3833,2.6,3,2,2,3,2,3,3,3,3,2,4,2,2,2,3
5.42,-98.938,-83.8623,2.6,3,2,2,3,2,3,3,3,3,2,4,2,2,2,3
5.44,-65.4297,-77.8198,2.6,3,2,2,3,2,3,3,3,3,2,4,2,2,2,3
5.46,-61.4624,-59.3872,2.6,3,2,2,3,2,3,3,3,3,2,4,2,2,2,3
5.48,-58.6548,-45.105,2.6,3,2,2,3,2,3,3,3,3,2,4,2,2,2,3
5.5,-54.5654,-32.8369,2.6,3,2,2,3,2,3,3,3,3,2,4,2,2,2,3
5.52,-53.894,-7.7515,2.6,3,2,2,3,2,3,3,3,3,2,4,2,2,2,3
5.54,-51.3916,-8.5449,2.6,3,2,2,3,2,3,3,3,3,2,4,2,2,2,3
5.56,-48.5229,-34.9731,2.6,3,2,2,3,2,3,3,3,3,2,4,2,2,2,3
5.58,-41.0767,-39.1235,2.6,3,2,2,3,2,3,3,3,3,2,4,2,2,2,3
5.6,-21.2402,-23.1934,2.6,3,2,2,3,2,3,3,3,3,2,4,2,2,2,3
5.62,-9.8877,-18.7988,2.6,3,2,2,3,2,3,3,3,3,2,4,2,2,2,3
5.64,5.8594,2.2583,3.266666667,4,3,2,3,4,4,4,3,3,4,3,3,2,4,3
5.66,13.6719,26.2451,3.266666667,4,3,2,3,4,4,4,3,3,4,3,3,2,4,3
5.68,19.7754,54.5654,3.266666667,4,3,2,3,4,4,4,3,3,4,3,3,2,4,3
5.7,24.1089,71.167,3.266666667,4,3,2,3,4,4,4,3,3,4,3,3,2,4,3
5.72,30.0293,78.9795,3.266666667,4,3,2,3,4,4,4,3,3,4,3,3,2,4,3
5.74,39.7949,88.7451,3.266666667,4,3,2,3,4,4,4,3,3,4,3,3,2,4,3
5.76,57.373,97.7783,3.266666667,4,3,2,3,4,4,4,3,3,4,3,3,2,4,3
5.78,78.125,108.2153,3.266666667,4,3,2,3,4,4,4,3,3,4,3,3,2,4,3
5.8,109.314,118.7134,3.266666667,4,3,2,3,4,4,4,3,3,4,3,3,2,4,3
5.82,129.5776,115.4785,3.266666667,4,3,2,3,4,4,4,3,3,4,3,3,2,4,3
5.84,148.1323,101.1353,3.266666667,4,3,2,3,4,4,4,3,3,4,3,3,2,4,3
5.86,149.4141,90.21,3.266666667,4,3,2,3,4,4,4,3,3,4,3,3,2,4,3
5.88,147.583,97.5952,3.266666667,4,3,2,3,4,4,4,3,3,4,3,3,2,4,3
5.9,146.9116,104.187,3.266666667,4,3,2,3,4,4,4,3,3,4,3,3,2,4,3
5.92,135.9863,94.6655,3.266666667,4,3,2,3,4,4,4,3,3,4,3,3,2,4,3
5.94,127.8076,79.7729,3.266666667,4,3,2,3,4,4,4,3,3,4,3,3,2,4,3
5.96,141.9067,81.7871,3.266666667,4,3,2,3,4,4,4,3,3,4,3,3,2,4,3
5.98,147.7051,78.4912,3.266666667,4,3,2,3,4,4,4,3,3,4,3,3,2,4,3
6,136.6577,75.0122,3.266666667,4,3,2,3,4,4,4,3,3,4,3,3,2,4,3
6.02,118.1641,72.1436,3.266666667,4,3,2,3,4,4,4,3,3,4,3,3,2,4,3
6.04,105.1025,65.6738,3.266666667,4,3,2,3,4,4,4,3,3,4,3,3,2,4,3
6.06,92.4683,58.5327,3.266666667,4,3,2,3,4,4,4,3,3,4,3,3,2,4,3
6.08,75.1953,68.7866,3.266666667,4,3,2,3,4,4,4,3,3,4,3,3,2,4,3
6.1,57.4951,49.5605,3.266666667,4,3,2,3,4,4,4,3,3,4,3,3,2,4,3
6.12,41.687,33.0811,3.266666667,4,3,2,3,4,4,4,3,3,4,3,3,2,4,3
6.14,23.6206,15.564,3.266666667,4,3,2,3,4,4,4,3,3,4,3,3,2,4,3
6.16,4.5776,-6.5308,3.266666667,4,3,2,3,4,4,4,3,3,4,3,3,2,4,3
6.18,-13.1836,-17.8833,3.266666667,4,3,2,3,4,4,4,3,3,4,3,3,2,4,3
6.2,-27.4048,-31.8604,3.266666667,4,3,2,3,4,4,4,3,3,4,3,3,2,4,3
6.22,-43.8232,-37.6587,3.266666667,4,3,2,3,4,4,4,3,3,4,3,3,2,4,3
6.24,-62.0117,-53.6499,3.266666667,4,3,2,3,4,4,4,3,3,4,3,3,2,4,3
6.26,-78.6133,-50.4761,3.266666667,4,3,2,3,4,4,4,3,3,4,3,3,2,4,3
6.28,-94.8486,-48.584,3.266666667,4,3,2,3,4,4,4,3,3,4,3,3,2,4,3
6.3,-109.9243,-62.0117,3.266666667,4,3,2,3,4,4,4,3,3,4,3,3,2,4,3
6.32,-120.5444,-75.9277,3.266666667,4,3,2,3,4,4,4,3,3,4,3,3,2,4,3
6.34,-121.2158,-72.2046,3.266666667,4,3,2,3,4,4,4,3,3,4,3,3,2,4,3
6.36,-106.8115,-53.5889,3.266666667,4,3,2,3,4,4,4,3,3,4,3,3,2,4,3
6.38,-84.6558,-36.438,3.266666667,4,3,2,3,4,4,4,3,3,4,3,3,2,4,3
6.4,-79.7729,-12.5732,3.266666667,4,3,2,3,4,4,4,3,3,4,3,3,2,4,3
6.42,-81.0547,-7.2632,3.266666667,4,3,2,3,4,4,4,3,3,4,3,3,2,4,3
6.44,-73.3032,-13.9771,3.266666667,4,3,2,3,4,4,4,3,3,4,3,3,2,4,3
6.46,-77.0874,-9.8267,3.266666667,4,3,2,3,4,4,4,3,3,4,3,3,2,4,3
6.48,-68.4204,-2.3804,3.266666667,4,3,2,3,4,4,4,3,3,4,3,3,2,4,3
6.5,-53.5889,-11.6577,3.266666667,4,3,2,3,4,4,4,3,3,4,3,3,2,4,3
6.52,-40.7715,-25.0244,3.266666667,4,3,2,3,4,4,4,3,3,4,3,3,2,4,3
6.54,-34.1797,-31.7993,3.266666667,4,3,2,3,4,4,4,3,3,4,3,3,2,4,3
6.56,-29.4189,-30.7617,3.266666667,4,3,2,3,4,4,4,3,3,4,3,3,2,4,3
6.58,-31.6162,-28.1372,3.266666667,4,3,2,3,4,4,4,3,3,4,3,3,2,4,3
6.6,-39.1235,-24.8413,3.266666667,4,3,2,3,4,4,4,3,3,4,3,3,2,4,3
6.62,-40.6494,-27.2827,3.266666667,4,3,2,3,4,4,4,3,3,4,3,3,2,4,3
6.64,-43.0298,-33.9966,3.266666667,4,3,2,3,4,4,4,3,3,4,3,3,2,4,3
6.66,-51.8188,-31.9824,3.266666667,4,3,2,3,4,4,4,3,3,4,3,3,2,4,3
6.68,-63.2324,-31.6772,3.266666667,4,3,2,3,4,4,4,3,3,4,3,3,2,4,3
6.7,-68.9697,-38.6353,3.266666667,4,3,2,3,4,4,4,3,3,4,3,3,2,4,3
6.72,-70.6787,-46.6309,3.266666667,4,3,2,3,4,4,4,3,3,4,3,3,2,4,3
6.74,-66.6504,-54.9316,3.266666667,4,3,2,3,4,4,4,3,3,4,3,3,2,4,3
6.76,-61.1572,-57.9834,3.266666667,4,3,2,3,4,4,4,3,3,4,3,3,2,4,3
6.78,-57.1899,-53.772,3.266666667,4,3,2,3,4,4,4,3,3,4,3,3,2,4,3
6.8,-52.1851,-51.2085,3.266666667,4,3,2,3,4,4,4,3,3,4,3,3,2,4,3
6.82,-47.3022,-49.0112,3.266666667,4,3,2,3,4,4,4,3,3,4,3,3,2,4,3
6.84,-44.7388,-48.5229,3.266666667,4,3,2,3,4,4,4,3,3,4,3,3,2,4,3
6.86,-39.978,-46.3257,3.266666667,4,3,2,3,4,4,4,3,3,4,3,3,2,4,3
6.88,-37.2925,-50.0488,3.266666667,4,3,2,3,4,4,4,3,3,4,3,3,2,4,3
6.9,-36.6821,-46.0205,3.266666667,4,3,2,3,4,4,4,3,3,4,3,3,2,4,3
6.92,-35.8887,-47.4854,3.266666667,4,3,2,3,4,4,4,3,3,4,3,3,2,4,3
6.94,-34.6069,-53.0396,3.266666667,4,3,2,3,4,4,4,3,3,4,3,3,2,4,3
6.96,-34.1797,-54.2603,3.266666667,4,3,2,3,4,4,4,3,3,4,3,3,2,4,3
6.98,-36.0718,-54.2603,3.266666667,4,3,2,3,4,4,4,3,3,4,3,3,2,4,3
7,-37.3535,-42.5415,3.266666667,4,3,2,3,4,4,4,3,3,4,3,3,2,4,3
7.02,-34.1797,-32.0435,3.266666667,4,3,2,3,4,4,4,3,3,4,3,3,2,4,3
7.04,-28.0151,-31.9824,3.266666667,4,3,2,3,4,4,4,3,3,4,3,3,2,4,3
7.06,-23.6206,-34.4849,3.266666667,4,3,2,3,4,4,4,3,3,4,3,3,2,4,3
7.08,-16.9067,-19.6533,3.266666667,4,3,2,3,4,4,4,3,3,4,3,3,2,4,3
7.1,-9.4604,-5.3101,3.266666667,4,3,2,3,4,4,4,3,3,4,3,3,2,4,3
7.12,5.0049,3.0649,3.666666667,4,4,4,4,3,4,4,3,4,4,3,4,4,3,3
7.14,11.3525,8.1787,3.666666667,4,4,4,4,3,4,4,3,4,4,3,4,4,3,3
7.16,21.5454,59.082,3.666666667,4,4,4,4,3,4,4,3,4,4,3,4,4,3,3
7.18,37.1094,106.8115,3.666666667,4,4,4,4,3,4,4,3,4,4,3,4,4,3,3
7.2,54.3213,119.6899,3.666666667,4,4,4,4,3,4,4,3,4,4,3,4,4,3,3
7.22,67.5049,115.1123,3.666666667,4,4,4,4,3,4,4,3,4,4,3,4,4,3,3
7.24,86.0596,117.4316,3.666666667,4,4,4,4,3,4,4,3,4,4,3,4,4,3,3
7.26,101.4404,104.4922,3.666666667,4,4,4,4,3,4,4,3,4,4,3,4,4,3,3
7.28,121.521,80.8716,3.666666667,4,4,4,4,3,4,4,3,4,4,3,4,4,3,3
7.3,144.4092,56.0913,3.666666667,4,4,4,4,3,4,4,3,4,4,3,4,4,3,3
7.32,142.8833,66.6504,3.666666667,4,4,4,4,3,4,4,3,4,4,3,4,4,3,3
7.34,127.1362,89.1113,3.666666667,4,4,4,4,3,4,4,3,4,4,3,4,4,3,3
7.36,118.103,94.9097,3.666666667,4,4,4,4,3,4,4,3,4,4,3,4,4,3,3
7.38,123.6572,85.3271,3.666666667,4,4,4,4,3,4,4,3,4,4,3,4,4,3,3
7.4,112.3657,68.0542,3.666666667,4,4,4,4,3,4,4,3,4,4,3,4,4,3,3
7.42,105.0415,66.5283,3.666666667,4,4,4,4,3,4,4,3,4,4,3,4,4,3,3
7.44,113.0981,56.7017,3.666666667,4,4,4,4,3,4,4,3,4,4,3,4,4,3,3
7.46,106.5063,49.9268,3.666666667,4,4,4,4,3,4,4,3,4,4,3,4,4,3,3
7.48,80.9937,42.5415,3.666666667,4,4,4,4,3,4,4,3,4,4,3,4,4,3,3
7.5,57.6782,51.3916,3.666666667,4,4,4,4,3,4,4,3,4,4,3,4,4,3,3
7.52,39.5508,38.8794,3.666666667,4,4,4,4,3,4,4,3,4,4,3,4,4,3,3
7.54,21.4844,24.8413,3.666666667,4,4,4,4,3,4,4,3,4,4,3,4,4,3,3
7.56,0.1221,8.1177,3.666666667,4,4,4,4,3,4,4,3,4,4,3,4,4,3,3
7.58,-23.9868,-10.9863,3.666666667,4,4,4,4,3,4,4,3,4,4,3,4,4,3,3
7.6,-41.4429,-28.8696,3.666666667,4,4,4,4,3,4,4,3,4,4,3,4,4,3,3
7.62,-54.5654,-39.3677,3.666666667,4,4,4,4,3,4,4,3,4,4,3,4,4,3,3
7.64,-64.1479,-48.8281,3.666666667,4,4,4,4,3,4,4,3,4,4,3,4,4,3,3
7.66,-69.519,-45.4712,3.666666667,4,4,4,4,3,4,4,3,4,4,3,4,4,3,3
7.68,-70.9839,-33.9966,3.666666667,4,4,4,4,3,4,4,3,4,4,3,4,4,3,3
7.7,-76.9653,-46.0815,3.666666667,4,4,4,4,3,4,4,3,4,4,3,4,4,3,3
7.72,-85.9985,-61.4624,3.666666667,4,4,4,4,3,4,4,3,4,4,3,4,4,3,3
7.74,-99.4263,-65.6738,3.666666667,4,4,4,4,3,4,4,3,4,4,3,4,4,3,3
7.76,-108.8867,-37.2925,3.666666667,4,4,4,4,3,4,4,3,4,4,3,4,4,3,3
7.78,-106.6895,-4.4556,3.666666667,4,4,4,4,3,4,4,3,4,4,3,4,4,3,3
7.8,-83.1299,-15.3198,3.666666667,4,4,4,4,3,4,4,3,4,4,3,4,4,3,3
7.82,-54.3213,-24.7803,3.666666667,4,4,4,4,3,4,4,3,4,4,3,4,4,3,3
7.84,-30.9448,-30.7007,3.666666667,4,4,4,4,3,4,4,3,4,4,3,4,4,3,3
7.86,-19.9585,-32.2266,3.666666667,4,4,4,4,3,4,4,3,4,4,3,4,4,3,3
7.88,-8.7891,-34.1797,3.666666667,4,4,4,4,3,4,4,3,4,4,3,4,4,3,3
7.9,-3.6621,-48.7061,3.666666667,4,4,4,4,3,4,4,3,4,4,3,4,4,3,3
7.92,-16.5405,-58.8379,3.666666667,4,4,4,4,3,4,4,3,4,4,3,4,4,3,3
7.94,-32.7759,-56.7017,3.666666667,4,4,4,4,3,4,4,3,4,4,3,4,4,3,3
7.96,-41.1377,-56.3965,3.666666667,4,4,4,4,3,4,4,3,4,4,3,4,4,3,3
7.98,-52.7344,-62.2559,3.666666667,4,4,4,4,3,4,4,3,4,4,3,4,4,3,3
8,-64.7583,-62.0117,3.666666667,4,4,4,4,3,4,4,3,4,4,3,4,4,3,3
8.02,-64.1479,-55.481,3.666666667,4,4,4,4,3,4,4,3,4,4,3,4,4,3,3
8.04,-54.5654,-54.4434,3.666666667,4,4,4,4,3,4,4,3,4,4,3,4,4,3,3
8.06,-47.0581,-55.2368,3.666666667,4,4,4,4,3,4,4,3,4,4,3,4,4,3,3
8.08,-45.5933,-52.3682,3.666666667,4,4,4,4,3,4,4,3,4,4,3,4,4,3,3
8.1,-49.6826,-49.1333,3.666666667,4,4,4,4,3,4,4,3,4,4,3,4,4,3,3
8.12,-47.9736,-44.2505,3.666666667,4,4,4,4,3,4,4,3,4,4,3,4,4,3,3
8.14,-42.4194,-41.0767,3.666666667,4,4,4,4,3,4,4,3,4,4,3,4,4,3,3
8.16,-38.5132,-42.0532,3.666666667,4,4,4,4,3,4,4,3,4,4,3,4,4,3,3
8.18,-39.1846,-42.0532,3.666666667,4,4,4,4,3,4,4,3,4,4,3,4,4,3,3
8.2,-41.4429,-43.2739,3.666666667,4,4,4,4,3,4,4,3,4,4,3,4,4,3,3
8.22,-41.2598,-40.5884,3.666666667,4,4,4,4,3,4,4,3,4,4,3,4,4,3,3
8.24,-40.7715,-35.8887,3.666666667,4,4,4,4,3,4,4,3,4,4,3,4,4,3,3
8.26,-44.8608,-33.8745,3.666666667,4,4,4,4,3,4,4,3,4,4,3,4,4,3,3
8.28,-49.4385,-30.0293,3.666666667,4,4,4,4,3,4,4,3,4,4,3,4,4,3,3
8.3,-46.3257,-28.7476,3.666666667,4,4,4,4,3,4,4,3,4,4,3,4,4,3,3
8.32,-32.959,-18.6768,3.666666667,4,4,4,4,3,4,4,3,4,4,3,4,4,3,3
8.34,-16.4795,-4.3335,3.666666667,4,4,4,4,3,4,4,3,4,4,3,4,4,3,3
8.36,-10.3149,-14.4043,3.666666667,4,4,4,4,3,4,4,3,4,4,3,4,4,3,3
8.38,10.6812,34.6069,3,4,3,2,3,4,3,3,3,3,2,4,3,3,3,2
8.4,28.0151,88.9893,3,4,3,2,3,4,3,3,3,3,2,4,3,3,3,2
8.42,46.0815,117.6147,3,4,3,2,3,4,3,3,3,3,2,4,3,3,3,2
8.44,65.918,126.5259,3,4,3,2,3,4,3,3,3,3,2,4,3,3,3,2
8.46,92.7734,149.353,3,4,3,2,3,4,3,3,3,3,2,4,3,3,3,2
8.48,120.3003,146.1792,3,4,3,2,3,4,3,3,3,3,2,4,3,3,3,2
8.5,136.7188,138.0005,3,4,3,2,3,4,3,3,3,3,2,4,3,3,3,2
8.52,148.3765,131.3477,3,4,3,2,3,4,3,3,3,3,2,4,3,3,3,2
8.54,151.8555,121.1548,3,4,3,2,3,4,3,3,3,3,2,4,3,3,3,2
8.56,143.2495,121.1548,3,4,3,2,3,4,3,3,3,3,2,4,3,3,3,2
8.58,132.9956,109.314,3,4,3,2,3,4,3,3,3,3,2,4,3,3,3,2
8.6,127.2583,113.2813,3,4,3,2,3,4,3,3,3,3,2,4,3,3,3,2
8.62,143.9819,108.8257,3,4,3,2,3,4,3,3,3,3,2,4,3,3,3,2
8.64,157.959,86.6699,3,4,3,2,3,4,3,3,3,3,2,4,3,3,3,2
8.66,156.3721,60.6689,3,4,3,2,3,4,3,3,3,3,2,4,3,3,3,2
8.68,139.1602,43.457,3,4,3,2,3,4,3,3,3,3,2,4,3,3,3,2
8.7,120.9106,32.8369,3,4,3,2,3,4,3,3,3,3,2,4,3,3,3,2
8.72,101.8677,19.104,3,4,3,2,3,4,3,3,3,3,2,4,3,3,3,2
8.74,79.7729,1.6479,3,4,3,2,3,4,3,3,3,3,2,4,3,3,3,2
8.76,62.3779,-13.5498,3,4,3,2,3,4,3,3,3,3,2,4,3,3,3,2
8.78,41.8091,-25.8179,3,4,3,2,3,4,3,3,3,3,2,4,3,3,3,2
8.8,17.1509,-32.7759,3,4,3,2,3,4,3,3,3,3,2,4,3,3,3,2
8.82,-2.8076,-32.6538,3,4,3,2,3,4,3,3,3,3,2,4,3,3,3,2
8.84,-19.8975,-33.4473,3,4,3,2,3,4,3,3,3,3,2,4,3,3,3,2
8.86,-35.0952,-39.0015,3,4,3,2,3,4,3,3,3,3,2,4,3,3,3,2
8.88,-52.9175,-50.5371,3,4,3,2,3,4,3,3,3,3,2,4,3,3,3,2
8.9,-72.0825,-63.0493,3,4,3,2,3,4,3,3,3,3,2,4,3,3,3,2
8.92,-86.4868,-67.9932,3,4,3,2,3,4,3,3,3,3,2,4,3,3,3,2
8.94,-99.8535,-64.5752,3,4,3,2,3,4,3,3,3,3,2,4,3,3,3,2
8.96,-106.6284,-53.833,3,4,3,2,3,4,3,3,3,3,2,4,3,3,3,2
8.98,-110.3516,-54.7485,3,4,3,2,3,4,3,3,3,3,2,4,3,3,3,2
9,-125.6714,-57.9224,3,4,3,2,3,4,3,3,3,3,2,4,3,3,3,2
9.02,-131.8359,-59.5093,3,4,3,2,3,4,3,3,3,3,2,4,3,3,3,2
9.04,-123.4741,-48.2178,3,4,3,2,3,4,3,3,3,3,2,4,3,3,3,2
9.06,-96.8628,-46.0205,3,4,3,2,3,4,3,3,3,3,2,4,3,3,3,2
9.08,-55.1758,-26.2451,3,4,3,2,3,4,3,3,3,3,2,4,3,3,3,2
9.1,-44.7998,-11.6577,3,4,3,2,3,4,3,3,3,3,2,4,3,3,3,2
9.12,-33.5693,-18.0664,3,4,3,2,3,4,3,3,3,3,2,4,3,3,3,2
9.14,-10.437,-18.0664,3,4,3,2,3,4,3,3,3,3,2,4,3,3,3,2
9.16,-11.1694,-25.0244,3,4,3,2,3,4,3,3,3,3,2,4,3,3,3,2
9.18,-35.0342,-34.6069,3,4,3,2,3,4,3,3,3,3,2,4,3,3,3,2
9.2,-44.4336,-33.1421,3,4,3,2,3,4,3,3,3,3,2,4,3,3,3,2
9.22,-45.0439,-29.3579,3,4,3,2,3,4,3,3,3,3,2,4,3,3,3,2
9.24,-52.3071,-24.1699,3,4,3,2,3,4,3,3,3,3,2,4,3,3,3,2
9.26,-57.9224,-25.2686,3,4,3,2,3,4,3,3,3,3,2,4,3,3,3,2
9.28,-63.7817,-14.7095,3,4,3,2,3,4,3,3,3,3,2,4,3,3,3,2
9.3,-68.8477,-12.5732,3,4,3,2,3,4,3,3,3,3,2,4,3,3,3,2
9.32,-66.5894,-12.5732,3,4,3,2,3,4,3,3,3,3,2,4,3,3,3,2
9.34,-63.0493,-14.2822,3,4,3,2,3,4,3,3,3,3,2,4,3,3,3,2
9.36,-58.96,-19.4092,3,4,3,2,3,4,3,3,3,3,2,4,3,3,3,2
9.38,-51.6968,-23.9868,3,4,3,2,3,4,3,3,3,3,2,4,3,3,3,2
9.4,-43.5791,-27.0386,3,4,3,2,3,4,3,3,3,3,2,4,3,3,3,2
9.42,-41.5649,-29.0527,3,4,3,2,3,4,3,3,3,3,2,4,3,3,3,2
9.44,-45.4102,-29.6631,3,4,3,2,3,4,3,3,3,3,2,4,3,3,3,2
9.46,-47.4854,-29.2969,3,4,3,2,3,4,3,3,3,3,2,4,3,3,3,2
9.48,-45.105,-29.6631,3,4,3,2,3,4,3,3,3,3,2,4,3,3,3,2
9.5,-45.105,-30.2734,3,4,3,2,3,4,3,3,3,3,2,4,3,3,3,2
9.52,-42.9077,-26.7334,3,4,3,2,3,4,3,3,3,3,2,4,3,3,3,2
9.54,-42.7856,-26.3672,3,4,3,2,3,4,3,3,3,3,2,4,3,3,3,2
9.56,-43.7622,-32.3486,3,4,3,2,3,4,3,3,3,3,2,4,3,3,3,2
9.58,-44.1284,-44.0674,3,4,3,2,3,4,3,3,3,3,2,4,3,3,3,2
9.6,-43.1519,-49.4995,3,4,3,2,3,4,3,3,3,3,2,4,3,3,3,2
9.62,-37.4756,-44.4336,3,4,3,2,3,4,3,3,3,3,2,4,3,3,3,2
9.64,-33.6304,-49.4995,3,4,3,2,3,4,3,3,3,3,2,4,3,3,3,2
9.66,-15.564,-44.4336,3,4,3,2,3,4,3,3,3,3,2,4,3,3,3,2
9.68,-12.5732,-34.0576,3,4,3,2,3,4,3,3,3,3,2,4,3,3,3,2
9.7,-15.0146,-13.7329,3,4,3,2,3,4,3,3,3,3,2,4,3,3,3,2
9.72,-0.9766,-3.03,3,4,3,2,3,4,3,3,3,3,2,4,3,3,3,2
9.74,1.8311,0.6104,1.933333333,3,2,2,2,1,1,2,2,2,1,3,3,2,1,2
9.76,14.5264,41.687,1.933333333,3,2,2,2,1,1,2,2,2,1,3,3,2,1,2
9.78,27.0386,84.2285,1.933333333,3,2,2,2,1,1,2,2,2,1,3,3,2,1,2
9.8,42.6025,113.6475,1.933333333,3,2,2,2,1,1,2,2,2,1,3,3,2,1,2
9.82,67.5659,113.6475,1.933333333,3,2,2,2,1,1,2,2,2,1,3,3,2,1,2
9.84,100.8911,126.4648,1.933333333,3,2,2,2,1,1,2,2,2,1,3,3,2,1,2
9.86,127.6245,129.9438,1.933333333,3,2,2,2,1,1,2,2,2,1,3,3,2,1,2
9.88,134.5215,132.2632,1.933333333,3,2,2,2,1,1,2,2,2,1,3,3,2,1,2
9.9,139.5264,132.3242,1.933333333,3,2,2,2,1,1,2,2,2,1,3,3,2,1,2
9.92,137.5122,123.4741,1.933333333,3,2,2,2,1,1,2,2,2,1,3,3,2,1,2
9.94,130.4321,118.4082,1.933333333,3,2,2,2,1,1,2,2,2,1,3,3,2,1,2
9.96,138.1226,111.145,1.933333333,3,2,2,2,1,1,2,2,2,1,3,3,2,1,2
9.98,143.7378,97.9004,1.933333333,3,2,2,2,1,1,2,2,2,1,3,3,2,1,2
10,128.7231,84.0454,1.933333333,3,2,2,2,1,1,2,2,2,1,3,3,2,1,2
10.02,121.0938,66.1621,1.933333333,3,2,2,2,1,1,2,2,2,1,3,3,2,1,2
10.04,111.2061,56.9458,1.933333333,3,2,2,2,1,1,2,2,2,1,3,3,2,1,2
10.06,96.9849,56.0303,1.933333333,3,2,2,2,1,1,2,2,2,1,3,3,2,1,2
10.08,89.4775,49.1191,1.933333333,3,2,2,2,1,1,2,2,2,1,3,3,2,1,2
10.1,81.2378,34.4238,1.933333333,3,2,2,2,1,1,2,2,2,1,3,3,2,1,2
10.12,63.7817,39.043,1.933333333,3,2,2,2,1,1,2,2,2,1,3,3,2,1,2
10.14,42.6636,39.0112,1.933333333,3,2,2,2,1,1,2,2,2,1,3,3,2,1,2
10.16,25.2075,34.0576,1.933333333,3,2,2,2,1,1,2,2,2,1,3,3,2,1,2
10.18,6.1646,13.2446,1.933333333,3,2,2,2,1,1,2,2,2,1,3,3,2,1,2
10.2,-9.5215,3.7231,1.933333333,3,2,2,2,1,1,2,2,2,1,3,3,2,1,2
10.22,-21.3623,1.344,1.933333333,3,2,2,2,1,1,2,2,2,1,3,3,2,1,2
10.24,-33.02,-0.1221,1.933333333,3,2,2,2,1,1,2,2,2,1,3,3,2,1,2
10.26,-44.6777,-19.5923,1.933333333,3,2,2,2,1,1,2,2,2,1,3,3,2,1,2
10.28,-55.6641,-38.269,1.933333333,3,2,2,2,1,1,2,2,2,1,3,3,2,1,2
10.3,-63.9038,-53.0396,1.933333333,3,2,2,2,1,1,2,2,2,1,3,3,2,1,2
10.32,-69.3359,-60.0586,1.933333333,3,2,2,2,1,1,2,2,2,1,3,3,2,1,2
10.34,-78.0029,-68.9087,1.933333333,3,2,2,2,1,1,2,2,2,1,3,3,2,1,2
10.36,-85.2661,-87.4023,1.933333333,3,2,2,2,1,1,2,2,2,1,3,3,2,1,2
10.38,-88.1348,-88.9282,1.933333333,3,2,2,2,1,1,2,2,2,1,3,3,2,1,2
10.4,-87.3413,-79.4067,1.933333333,3,2,2,2,1,1,2,2,2,1,3,3,2,1,2
10.42,-84.2285,-50.5981,1.933333333,3,2,2,2,1,1,2,2,2,1,3,3,2,1,2
10.44,-74.0356,-41.626,1.933333333,3,2,2,2,1,1,2,2,2,1,3,3,2,1,2
10.46,-56.1523,-53.833,1.933333333,3,2,2,2,1,1,2,2,2,1,3,3,2,1,2
10.48,-33.8745,-48.9502,1.933333333,3,2,2,2,1,1,2,2,2,1,3,3,2,1,2
10.5,-24.292,-42.9688,1.933333333,3,2,2,2,1,1,2,2,2,1,3,3,2,1,2
10.52,-25.8179,-41.5039,1.933333333,3,2,2,2,1,1,2,2,2,1,3,3,2,1,2
10.54,-17.2119,-23.0103,1.933333333,3,2,2,2,1,1,2,2,2,1,3,3,2,1,2
10.56,-1.2207,-21.7896,1.933333333,3,2,2,2,1,1,2,2,2,1,3,3,2,1,2
10.58,-10.0098,-20.9961,1.933333333,3,2,2,2,1,1,2,2,2,1,3,3,2,1,2
10.6,-31.3721,-22.522,1.933333333,3,2,2,2,1,1,2,2,2,1,3,3,2,1,2
10.62,-49.1333,-33.5693,1.933333333,3,2,2,2,1,1,2,2,2,1,3,3,2,1,2
10.64,-51.8188,-51.0254,1.933333333,3,2,2,2,1,1,2,2,2,1,3,3,2,1,2
10.66,-47.2412,-58.96,1.933333333,3,2,2,2,1,1,2,2,2,1,3,3,2,1,2
10.68,-46.1426,-62.0728,1.933333333,3,2,2,2,1,1,2,2,2,1,3,3,2,1,2
10.7,-49.8047,-60.6689,1.933333333,3,2,2,2,1,1,2,2,2,1,3,3,2,1,2
10.72,-52.3071,-50.8423,1.933333333,3,2,2,2,1,1,2,2,2,1,3,3,2,1,2
10.74,-51.1475,-42.7246,1.933333333,3,2,2,2,1,1,2,2,2,1,3,3,2,1,2
10.76,-48.5229,-37.9639,1.933333333,3,2,2,2,1,1,2,2,2,1,3,3,2,1,2
10.78,-45.9595,-36.5601,1.933333333,3,2,2,2,1,1,2,2,2,1,3,3,2,1,2
10.8,-44.9829,-36.8652,1.933333333,3,2,2,2,1,1,2,2,2,1,3,3,2,1,2
10.82,-42.4194,-36.8042,1.933333333,3,2,2,2,1,1,2,2,2,1,3,3,2,1,2
10.84,-39.6118,-32.3486,1.933333333,3,2,2,2,1,1,2,2,2,1,3,3,2,1,2
10.86,-37.9028,-26.4893,1.933333333,3,2,2,2,1,1,2,2,2,1,3,3,2,1,2
10.88,-33.2642,-22.7051,1.933333333,3,2,2,2,1,1,2,2,2,1,3,3,2,1,2
10.9,-27.4048,-21.8506,1.933333333,3,2,2,2,1,1,2,2,2,1,3,3,2,1,2
10.92,-21.8506,-24.0479,1.933333333,3,2,2,2,1,1,2,2,2,1,3,3,2,1,2
10.94,-17.0898,-25.5127,1.933333333,3,2,2,2,1,1,2,2,2,1,3,3,2,1,2
10.96,-14.1602,-28.6255,1.933333333,3,2,2,2,1,1,2,2,2,1,3,3,2,1,2
10.98,-12.5122,-29.0527,1.933333333,3,2,2,2,1,1,2,2,2,1,3,3,2,1,2
11,-11.3525,-26.9165,1.933333333,3,2,2,2,1,1,2,2,2,1,3,3,2,1,2
11.02,-10.0098,-22.1558,1.933333333,3,2,2,2,1,1,2,2,2,1,3,3,2,1,2
11.04,-7.3853,-13.7939,1.933333333,3,2,2,2,1,1,2,2,2,1,3,3,2,1,2
11.06,-3.6011,-0.1221,1.933333333,3,2,2,2,1,1,2,2,2,1,3,3,2,1,2
11.08,2.5024,41.5649,2.466666667,2,3,2,3,4,3,3,2,1,2,2,2,2,3,3
11.1,14.7095,81.665,2.466666667,2,3,2,3,4,3,3,2,1,2,2,2,2,3,3
11.12,27.5879,103.5767,2.466666667,2,3,2,3,4,3,3,2,1,2,2,2,2,3,3
11.14,40.7104,118.9575,2.466666667,2,3,2,3,4,3,3,2,1,2,2,2,2,3,3
11.16,59.4482,124.939,2.466666667,2,3,2,3,4,3,3,2,1,2,2,2,2,3,3
11.18,83.313,119.3237,2.466666667,2,3,2,3,4,3,3,2,1,2,2,2,2,3,3
11.2,104.3701,119.9951,2.466666667,2,3,2,3,4,3,3,2,1,2,2,2,2,3,3
11.22,126.0376,120.7886,2.466666667,2,3,2,3,4,3,3,2,1,2,2,2,2,3,3
11.24,129.6997,124.5728,2.466666667,2,3,2,3,4,3,3,2,1,2,2,2,2,3,3
11.26,137.8784,115.6006,2.466666667,2,3,2,3,4,3,3,2,1,2,2,2,2,3,3
11.28,141.4795,109.1309,2.466666667,2,3,2,3,4,3,3,2,1,2,2,2,2,3,3
11.3,120.6055,96.7407,2.466666667,2,3,2,3,4,3,3,2,1,2,2,2,2,3,3
11.32,124.939,81.7871,2.466666667,2,3,2,3,4,3,3,2,1,2,2,2,2,3,3
11.34,148.9258,68.8477,2.466666667,2,3,2,3,4,3,3,2,1,2,2,2,2,3,3
11.36,143.6157,58.2886,2.466666667,2,3,2,3,4,3,3,2,1,2,2,2,2,3,3
11.38,132.3853,49.0112,2.466666667,2,3,2,3,4,3,3,2,1,2,2,2,2,3,3
11.4,116.0278,34.0576,2.466666667,2,3,2,3,4,3,3,2,1,2,2,2,2,3,3
11.42,101.4404,13.2446,2.466666667,2,3,2,3,4,3,3,2,1,2,2,2,2,3,3
11.44,89.0503,-3.7231,2.466666667,2,3,2,3,4,3,3,2,1,2,2,2,2,3,3
11.46,70.2515,-17.4561,2.466666667,2,3,2,3,4,3,3,2,1,2,2,2,2,3,3
11.48,53.0396,-32.0435,2.466666667,2,3,2,3,4,3,3,2,1,2,2,2,2,3,3
11.5,38.0249,-41.5039,2.466666667,2,3,2,3,4,3,3,2,1,2,2,2,2,3,3
11.52,38.0249,-41.3818,2.466666667,2,3,2,3,4,3,3,2,1,2,2,2,2,3,3
11.54,15.0757,-55.9692,2.466666667,2,3,2,3,4,3,3,2,1,2,2,2,2,3,3
11.56,-9.0942,-46.5698,2.466666667,2,3,2,3,4,3,3,2,1,2,2,2,2,3,3
11.58,-30.2124,-35.4614,2.466666667,2,3,2,3,4,3,3,2,1,2,2,2,2,3,3
11.6,-48.7671,-59.021,2.466666667,2,3,2,3,4,3,3,2,1,2,2,2,2,3,3
11.62,-62.9883,-55.4199,2.466666667,2,3,2,3,4,3,3,2,1,2,2,2,2,3,3
11.64,-76.7822,-28.5645,2.466666667,2,3,2,3,4,3,3,2,1,2,2,2,2,3,3
11.66,-85.8154,-27.832,2.466666667,2,3,2,3,4,3,3,2,1,2,2,2,2,3,3
11.68,-90.8813,-21.1182,2.466666667,2,3,2,3,4,3,3,2,1,2,2,2,2,3,3
11.7,-101.1963,-8.4839,2.466666667,2,3,2,3,4,3,3,2,1,2,2,2,2,3,3
11.72,-114.1968,-7.3242,2.466666667,2,3,2,3,4,3,3,2,1,2,2,2,2,3,3
11.74,-134.1553,-16.3574,2.466666667,2,3,2,3,4,3,3,2,1,2,2,2,2,3,3
11.76,-140.7471,-31.7993,2.466666667,2,3,2,3,4,3,3,2,1,2,2,2,2,3,3
11.78,-109.6191,-43.2129,2.466666667,2,3,2,3,4,3,3,2,1,2,2,2,2,3,3
11.8,-67.5049,-60.6079,2.466666667,2,3,2,3,4,3,3,2,1,2,2,2,2,3,3
11.82,-47.5464,-66.8945,2.466666667,2,3,2,3,4,3,3,2,1,2,2,2,2,3,3
11.84,-20.5688,-54.1992,2.466666667,2,3,2,3,4,3,3,2,1,2,2,2,2,3,3
11.86,9.2163,-48.8892,2.466666667,2,3,2,3,4,3,3,2,1,2,2,2,2,3,3
11.88,9.3384,-56.5186,2.466666667,2,3,2,3,4,3,3,2,1,2,2,2,2,3,3
11.9,-15.0146,-60.791,2.466666667,2,3,2,3,4,3,3,2,1,2,2,2,2,3,3
11.92,-40.3442,-54.3823,2.466666667,2,3,2,3,4,3,3,2,1,2,2,2,2,3,3
11.94,-50.4761,-56.5186,2.466666667,2,3,2,3,4,3,3,2,1,2,2,2,2,3,3
11.96,-52.7954,-62.6221,2.466666667,2,3,2,3,4,3,3,2,1,2,2,2,2,3,3
11.98,-48.0347,-67.5049,2.466666667,2,3,2,3,4,3,3,2,1,2,2,2,2,3,3
12,-44.7998,-61.6455,2.466666667,2,3,2,3,4,3,3,2,1,2,2,2,2,3,3
12.02,-46.2646,-49.5605,2.466666667,2,3,2,3,4,3,3,2,1,2,2,2,2,3,3
12.04,-48.645,-40.6494,2.466666667,2,3,2,3,4,3,3,2,1,2,2,2,2,3,3
12.06,-54.6265,-32.0435,2.466666667,2,3,2,3,4,3,3,2,1,2,2,2,2,3,3
12.08,-61.3403,-33.9355,2.466666667,2,3,2,3,4,3,3,2,1,2,2,2,2,3,3
12.1,-62.9883,-49.3164,2.466666667,2,3,2,3,4,3,3,2,1,2,2,2,2,3,3
12.12,-62.2559,-54.8706,2.466666667,2,3,2,3,4,3,3,2,1,2,2,2,2,3,3
12.14,-57.1899,-38.3301,2.466666667,2,3,2,3,4,3,3,2,1,2,2,2,2,3,3
12.16,-52.2461,5.5542,2.466666667,2,3,2,3,4,3,3,2,1,2,2,2,2,3,3
12.18,-46.6309,13.4277,2.466666667,2,3,2,3,4,3,3,2,1,2,2,2,2,3,3
12.2,-43.0908,0.1831,2.466666667,2,3,2,3,4,3,3,2,1,2,2,2,2,3,3
12.22,-35.8276,-29.6021,2.466666667,2,3,2,3,4,3,3,2,1,2,2,2,2,3,3
12.24,-31.1279,-34.668,2.466666667,2,3,2,3,4,3,3,2,1,2,2,2,2,3,3
12.26,-30.9448,-26.6113,2.466666667,2,3,2,3,4,3,3,2,1,2,2,2,2,3,3
12.28,-32.2876,-24.0479,2.466666667,2,3,2,3,4,3,3,2,1,2,2,2,2,3,3
12.3,-31.6162,-25.5127,2.466666667,2,3,2,3,4,3,3,2,1,2,2,2,2,3,3
12.32,-29.3579,-28.6255,2.466666667,2,3,2,3,4,3,3,2,1,2,2,2,2,3,3
12.34,-26.9165,-29.0527,2.466666667,2,3,2,3,4,3,3,2,1,2,2,2,2,3,3
12.36,-27.2827,-26.9165,2.466666667,2,3,2,3,4,3,3,2,1,2,2,2,2,3,3
12.38,-24.292,-22.1558,2.466666667,2,3,2,3,4,3,3,2,1,2,2,2,2,3,3
12.4,-17.334,-13.7939,2.466666667,2,3,2,3,4,3,3,2,1,2,2,2,2,3,3
12.42,-7.7515,-0.1221,2.466666667,2,3,2,3,4,3,3,2,1,2,2,2,2,3,3
12.44,5.1571,77.3926,3.066666667,3,3,3,2,3,4,3,3,3,4,3,3,3,3,3
12.46,17.9765,106.0791,3.066666667,3,3,3,2,3,4,3,3,3,4,3,3,3,3,3
12.48,34.4903,77.7588,3.066666667,3,3,3,2,3,4,3,3,3,4,3,3,3,3,3
12.5,61.3884,60.1196,3.066666667,3,3,3,2,3,4,3,3,3,4,3,3,3,3,3
12.52,93.7833,65.7349,3.066666667,3,3,3,2,3,4,3,3,3,4,3,3,3,3,3
12.54,115.4932,77.8809,3.066666667,3,3,3,2,3,4,3,3,3,4,3,3,3,3,3
12.56,134.4403,66.5283,3.066666667,3,3,3,2,3,4,3,3,3,4,3,3,3,3,3
12.58,147.4832,72.876,3.066666667,3,3,3,2,3,4,3,3,3,4,3,3,3,3,3
12.6,151.9439,89.4165,3.066666667,3,3,3,2,3,4,3,3,3,4,3,3,3,3,3
12.62,135.4832,98.5718,3.066666667,3,3,3,2,3,4,3,3,3,4,3,3,3,3,3
12.64,108.3792,104.3701,3.066666667,3,3,3,2,3,4,3,3,3,4,3,3,3,3,3
12.66,97.9504,102.2339,3.066666667,3,3,3,2,3,4,3,3,3,4,3,3,3,3,3
12.68,100.7784,107.9712,3.066666667,3,3,3,2,3,4,3,3,3,4,3,3,3,3,3
12.7,98.9504,123.6572,3.066666667,3,3,3,2,3,4,3,3,3,4,3,3,3,3,3
12.72,91.5843,108.6426,3.066666667,3,3,3,2,3,4,3,3,3,4,3,3,3,3,3
12.74,82.4523,87.5854,3.066666667,3,3,3,2,3,4,3,3,3,4,3,3,3,3,3
12.76,68.2683,75.6226,3.066666667,3,3,3,2,3,4,3,3,3,4,3,3,3,3,3
12.78,52.1964,55.8472,3.066666667,3,3,3,2,3,4,3,3,3,4,3,3,3,3,3
12.8,31.0059,37.1094,3.066666667,3,3,3,2,3,4,3,3,3,4,3,3,3,3,3
12.82,10.5591,35.3419,3.066666667,3,3,3,2,3,4,3,3,3,4,3,3,3,3,3
12.84,-8.3601,5.6152,3.066666667,3,3,3,2,3,4,3,3,3,4,3,3,3,3,3
12.86,-31.4323,-12.4721,3.066666667,3,3,3,2,3,4,3,3,3,4,3,3,3,3,3
12.88,-55.3644,-24.231,3.066666667,3,3,3,2,3,4,3,3,3,4,3,3,3,3,3
12.9,-82.2754,-28.8086,3.066666667,3,3,3,2,3,4,3,3,3,4,3,3,3,3,3
12.92,-106.3943,-35.9497,3.066666667,3,3,3,2,3,4,3,3,3,4,3,3,3,3,3
12.94,-109.6842,-60.4248,3.066666667,3,3,3,2,3,4,3,3,3,4,3,3,3,3,3
12.96,-66.6503,-58.8989,3.066666667,3,3,3,2,3,4,3,3,3,4,3,3,3,3,3
12.98,-18.9209,-26.001,3.066666667,3,3,3,2,3,4,3,3,3,4,3,3,3,3,3
13,-3.6011,5.5542,3.066666667,3,3,3,2,3,4,3,3,3,4,3,3,3,3,3
13.02,-19.5313,-82.6416,3.066666667,3,3,3,2,3,4,3,3,3,4,3,3,3,3,3
13.04,-26.7955,-50.7813,3.066666667,3,3,3,2,3,4,3,3,3,4,3,3,3,3,3
13.06,-37.5614,-28.8696,3.066666667,3,3,3,2,3,4,3,3,3,4,3,3,3,3,3
13.08,-55.5634,-59.2651,3.066666667,3,3,3,2,3,4,3,3,3,4,3,3,3,3,3
13.1,-70.4511,-66.04,3.066666667,3,3,3,2,3,4,3,3,3,4,3,3,3,3,3
13.12,-69.5363,-68.4814,3.066666667,3,3,3,2,3,4,3,3,3,4,3,3,3,3,3
13.14,-63.9504,-84.5947,3.066666667,3,3,3,2,3,4,3,3,3,4,3,3,3,3,3
13.16,-66.0047,-61.8896,3.066666667,3,3,3,2,3,4,3,3,3,4,3,3,3,3,3
13.18,-85.2795,-36.3159,3.066666667,3,3,3,2,3,4,3,3,3,4,3,3,3,3,3
13.2,-94.8493,-43.8232,3.066666667,3,3,3,2,3,4,3,3,3,4,3,3,3,3,3
13.22,-83.4832,-73.1201,3.066666667,3,3,3,2,3,4,3,3,3,4,3,3,3,3,3
13.24,-63.4932,-94.5435,3.066666667,3,3,3,2,3,4,3,3,3,4,3,3,3,3,3
13.26,-47.0794,-86.1816,3.066666667,3,3,3,2,3,4,3,3,3,4,3,3,3,3,3
13.28,-47.7422,-67.0166,3.066666667,3,3,3,2,3,4,3,3,3,4,3,3,3,3,3
13.3,-53.4735,-58.0444,3.066666667,3,3,3,2,3,4,3,3,3,4,3,3,3,3,3
13.32,-54.5854,-54.3823,3.066666667,3,3,3,2,3,4,3,3,3,4,3,3,3,3,3
13.34,-55.3843,-57.7393,3.066666667,3,3,3,2,3,4,3,3,3,4,3,3,3,3,3
13.36,-59.4832,-66.3452,3.066666667,3,3,3,2,3,4,3,3,3,4,3,3,3,3,3
13.38,-65.584,-65.4297,3.066666667,3,3,3,2,3,4,3,3,3,4,3,3,3,3,3
13.4,-67.5049,-63.1104,3.066666667,3,3,3,2,3,4,3,3,3,4,3,3,3,3,3
13.42,-61.4624,-54.6265,3.066666667,3,3,3,2,3,4,3,3,3,4,3,3,3,3,3
13.44,-48.3422,-43.2739,3.066666667,3,3,3,2,3,4,3,3,3,4,3,3,3,3,3
13.46,-47.5843,-30.8228,3.066666667,3,3,3,2,3,4,3,3,3,4,3,3,3,3,3
13.48,-25.6958,-21.4844,3.066666667,3,3,3,2,3,4,3,3,3,4,3,3,3,3,3
13.5,8.5584,2.5024,3.2,3,4,3,3,4,2,4,3,2,3,4,3,3,3,4
13.52,20.5688,61.7065,3.2,3,4,3,3,4,2,4,3,2,3,4,3,3,3,4
13.54,33.6304,101.1963,3.2,3,4,3,3,4,2,4,3,2,3,4,3,3,3,4
13.56,33.5083,92.8955,3.2,3,4,3,3,4,2,4,3,2,3,4,3,3,3,4
13.58,44.8608,84.2896,3.2,3,4,3,3,4,2,4,3,2,3,4,3,3,3,4
13.6,90.8203,96.8018,3.2,3,4,3,3,4,2,4,3,2,3,4,3,3,3,4
13.62,146.7896,103.2104,3.2,3,4,3,3,4,2,4,3,2,3,4,3,3,3,4
13.64,164.3677,86.853,3.2,3,4,3,3,4,2,4,3,2,3,4,3,3,3,4
13.66,156.9214,87.4023,3.2,3,4,3,3,4,2,4,3,2,3,4,3,3,3,4
13.68,151.9775,103.0884,3.2,3,4,3,3,4,2,4,3,2,3,4,3,3,3,4
13.7,151.3065,103.0884,3.2,3,4,3,3,4,2,4,3,2,3,4,3,3,3,4
13.72,144.6533,115.6616,3.2,3,4,3,3,4,2,4,3,2,3,4,3,3,3,4
13.74,108.7036,123.4131,3.2,3,4,3,3,4,2,4,3,2,3,4,3,3,3,4
13.76,94.8486,122.9248,3.2,3,4,3,3,4,2,4,3,2,3,4,3,3,3,4
13.78,105.7739,116.7603,3.2,3,4,3,3,4,2,4,3,2,3,4,3,3,3,4
13.8,99.2432,116.394,3.2,3,4,3,3,4,2,4,3,2,3,4,3,3,3,4
13.82,80.2002,103.4546,3.2,3,4,3,3,4,2,4,3,2,3,4,3,3,3,4
13.84,50.9644,87.2803,3.2,3,4,3,3,4,2,4,3,2,3,4,3,3,3,4
13.86,23.3765,78.0029,3.2,3,4,3,3,4,2,4,3,2,3,4,3,3,3,4
13.88,-4.4556,56.7017,3.2,3,4,3,3,4,2,4,3,2,3,4,3,3,3,4
13.9,-31.9824,66.5283,3.2,3,4,3,3,4,2,4,3,2,3,4,3,3,3,4
13.92,-54.0771,42.9077,3.2,3,4,3,3,4,2,4,3,2,3,4,3,3,3,4
13.94,-66.1011,15.1324,3.2,3,4,3,3,4,2,4,3,2,3,4,3,3,3,4
13.96,-72.4487,-8.1177,3.2,3,4,3,3,4,2,4,3,2,3,4,3,3,3,4
13.98,-79.9651,-30.3217,3.2,3,4,3,3,4,2,4,3,2,3,4,3,3,3,4
14,-59.1431,-55.9082,3.2,3,4,3,3,4,2,4,3,2,3,4,3,3,3,4
14.02,-51.3892,-53.7109,3.2,3,4,3,3,4,2,4,3,2,3,4,3,3,3,4
14.04,-52.2434,-31.9824,3.2,3,4,3,3,4,2,4,3,2,3,4,3,3,3,4
14.06,-29.4821,-8.1787,3.2,3,4,3,3,4,2,4,3,2,3,4,3,3,3,4
14.08,-44.1284,-25.2075,3.2,3,4,3,3,4,2,4,3,2,3,4,3,3,3,4
14.1,-21.7289,-48.2178,3.2,3,4,3,3,4,2,4,3,2,3,4,3,3,3,4
14.12,10.7422,-35.5225,3.2,3,4,3,3,4,2,4,3,2,3,4,3,3,3,4
14.14,8.4229,-6.7749,3.2,3,4,3,3,4,2,4,3,2,3,4,3,3,3,4
14.16,-17.0288,-1.8921,3.2,3,4,3,3,4,2,4,3,2,3,4,3,3,3,4
14.18,-43.8342,-8.1177,3.2,3,4,3,3,4,2,4,3,2,3,4,3,3,3,4
14.2,-66.2231,-46.3257,3.2,3,4,3,3,4,2,4,3,2,3,4,3,3,3,4
14.22,-93.4848,-58.3496,3.2,3,4,3,3,4,2,4,3,2,3,4,3,3,3,4
14.24,-84.9609,-22.522,3.2,3,4,3,3,4,2,4,3,2,3,4,3,3,3,4
14.26,-70.8618,-23.6206,3.2,3,4,3,3,4,2,4,3,2,3,4,3,3,3,4
14.28,-69.7021,-51.2085,3.2,3,4,3,3,4,2,4,3,2,3,4,3,3,3,4
14.3,-85.5103,-54.3823,3.2,3,4,3,3,4,2,4,3,2,3,4,3,3,3,4
14.32,-105.463,-40.7715,3.2,3,4,3,3,4,2,4,3,2,3,4,3,3,3,4
14.34,-114.5832,-33.5693,3.2,3,4,3,3,4,2,4,3,2,3,4,3,3,3,4
14.36,-102.5903,-34.6069,3.2,3,4,3,3,4,2,4,3,2,3,4,3,3,3,4
14.38,-84.5932,-36.499,3.2,3,4,3,3,4,2,4,3,2,3,4,3,3,3,4
14.4,-74.0959,-34.4849,3.2,3,4,3,3,4,2,4,3,2,3,4,3,3,3,4
14.42,-68.492,-29.1138,3.2,3,4,3,3,4,2,4,3,2,3,4,3,3,3,4
14.44,-65.8874,-24.9023,3.2,3,4,3,3,4,2,4,3,2,3,4,3,3,3,4
14.46,-57.8383,-21.7285,3.2,3,4,3,3,4,2,4,3,2,3,4,3,3,3,4
14.48,-46.6795,-20.4468,3.2,3,4,3,3,4,2,4,3,2,3,4,3,3,3,4
14.5,-26.5904,-16.6626,3.2,3,4,3,3,4,2,4,3,2,3,4,3,3,3,4
14.52,-14.3884,-10.3149,3.2,3,4,3,3,4,2,4,3,2,3,4,3,3,3,4
14.54,-2.4993,-12.146,3.2,3,4,3,3,4,2,4,3,2,3,4,3,3,3,4
14.56,4.9438,13.0005,3.466666667,4,3,4,5,4,4,3,3,4,3,3,4,3,3,2
14.58,65.4907,72.5708,3.466666667,4,3,4,5,4,4,3,3,4,3,3,4,3,3,2
14.6,144.2261,81.9092,3.466666667,4,3,4,5,4,4,3,3,4,3,3,4,3,3,2
14.62,204.834,76.1719,3.466666667,4,3,4,5,4,4,3,3,4,3,3,4,3,3,2
14.64,202.0874,75.5615,3.466666667,4,3,4,5,4,4,3,3,4,3,3,4,3,3,2
14.66,175.354,81.2378,3.466666667,4,3,4,5,4,4,3,3,4,3,3,4,3,3,2
14.68,181.4575,71.4722,3.466666667,4,3,4,5,4,4,3,3,4,3,3,4,3,3,2
14.7,195.6787,72.5098,3.466666667,4,3,4,5,4,4,3,3,4,3,3,4,3,3,2
14.72,160.5835,105.896,3.466666667,4,3,4,5,4,4,3,3,4,3,3,4,3,3,2
14.74,152.0996,120.4834,3.466666667,4,3,4,5,4,4,3,3,4,3,3,4,3,3,2
14.76,154.8462,126.0376,3.466666667,4,3,4,5,4,4,3,3,4,3,3,4,3,3,2
14.78,153.7476,125.1831,3.466666667,4,3,4,5,4,4,3,3,4,3,3,4,3,3,2
14.8,133.8501,118.5913,3.466666667,4,3,4,5,4,4,3,3,4,3,3,4,3,3,2
14.82,108.6426,115.6616,3.466666667,4,3,4,5,4,4,3,3,4,3,3,4,3,3,2
14.84,84.4727,116.9434,3.466666667,4,3,4,5,4,4,3,3,4,3,3,4,3,3,2
14.86,54.0771,105.6519,3.466666667,4,3,4,5,4,4,3,3,4,3,3,4,3,3,2
14.88,17.8223,62.0117,3.466666667,4,3,4,5,4,4,3,3,4,3,3,4,3,3,2
14.9,17.8223,43.7622,3.466666667,4,3,4,5,4,4,3,3,4,3,3,4,3,3,2
14.92,-19.2871,35.2783,3.466666667,4,3,4,5,4,4,3,3,4,3,3,4,3,3,2
14.94,-51.3916,50.354,3.466666667,4,3,4,5,4,4,3,3,4,3,3,4,3,3,2
14.96,-78.7964,61.5234,3.466666667,4,3,4,5,4,4,3,3,4,3,3,4,3,3,2
14.98,-122.1924,36.6821,3.466666667,4,3,4,5,4,4,3,3,4,3,3,4,3,3,2
15,-138.1226,-24.5972,3.466666667,4,3,4,5,4,4,3,3,4,3,3,4,3,3,2
15.02,-121.9482,-62.6221,3.466666667,4,3,4,5,4,4,3,3,4,3,3,4,3,3,2
15.04,-103.5156,-37.4756,3.466666667,4,3,4,5,4,4,3,3,4,3,3,4,3,3,2
15.06,-137.085,-18.4326,3.466666667,4,3,4,5,4,4,3,3,4,3,3,4,3,3,2
15.08,-109.9243,-96.4355,3.466666667,4,3,4,5,4,4,3,3,4,3,3,4,3,3,2
15.1,-79.3457,-100.647,3.466666667,4,3,4,5,4,4,3,3,4,3,3,4,3,3,2
15.12,-26.3062,-73.5474,3.466666667,4,3,4,5,4,4,3,3,4,3,3,4,3,3,2
15.14,32.2266,-58.2886,3.466666667,4,3,4,5,4,4,3,3,4,3,3,4,3,3,2
15.16,28.9307,-53.772,3.466666667,4,3,4,5,4,4,3,3,4,3,3,4,3,3,2
15.18,-13.2446,-53.1006,3.466666667,4,3,4,5,4,4,3,3,4,3,3,4,3,3,2
15.2,-51.8188,-80.3223,3.466666667,4,3,4,5,4,4,3,3,4,3,3,4,3,3,2
15.22,-70.7397,-75.2563,3.466666667,4,3,4,5,4,4,3,3,4,3,3,4,3,3,2
15.24,-91.1865,-56.3354,3.466666667,4,3,4,5,4,4,3,3,4,3,3,4,3,3,2
15.26,-86.9141,-43.8843,3.466666667,4,3,4,5,4,4,3,3,4,3,3,4,3,3,2
15.28,-80.8716,-55.481,3.466666667,4,3,4,5,4,4,3,3,4,3,3,4,3,3,2
15.3,-79.4067,-80.7495,3.466666667,4,3,4,5,4,4,3,3,4,3,3,4,3,3,2
15.32,-86.3647,-97.29,3.466666667,4,3,4,5,4,4,3,3,4,3,3,4,3,3,2
15.34,-96.8018,-89.1113,3.466666667,4,3,4,5,4,4,3,3,4,3,3,4,3,3,2
15.36,-94.4824,-68.7866,3.466666667,4,3,4,5,4,4,3,3,4,3,3,4,3,3,2
15.38,-82.4585,-59.9365,3.466666667,4,3,4,5,4,4,3,3,4,3,3,4,3,3,2
15.4,-73.9136,-62.3445,3.466666667,4,3,4,5,4,4,3,3,4,3,3,4,3,3,2
15.42,-68.3594,-65.979,3.466666667,4,3,4,5,4,4,3,3,4,3,3,4,3,3,2
15.44,-68.1763,-64.8804,3.466666667,4,3,4,5,4,4,3,3,4,3,3,4,3,3,2
15.46,-70.1904,-56.7017,3.466666667,4,3,4,5,4,4,3,3,4,3,3,4,3,3,2
15.48,-67.627,-47.9736,3.466666667,4,3,4,5,4,4,3,3,4,3,3,4,3,3,2
15.5,-59.3872,-26.6724,3.466666667,4,3,4,5,4,4,3,3,4,3,3,4,3,3,2
15.52,-43.5791,-33.8745,3.466666667,4,3,4,5,4,4,3,3,4,3,3,4,3,3,2
15.54,-6.6528,-36.0718,3.466666667,4,3,4,5,4,4,3,3,4,3,3,4,3,3,2
15.56,6.8473,23.8647,3.8,3,4,4,4,4,4,4,3,4,4,4,4,3,4,4
15.58,47.5464,48.0957,3.8,3,4,4,4,4,4,4,3,4,4,4,4,3,4,4
15.6,108.8257,56.9458,3.8,3,4,4,4,4,4,4,3,4,4,4,4,3,4,4
15.62,151.4282,66.9556,3.8,3,4,4,4,4,4,4,3,4,4,4,4,3,4,4
15.64,161.438,89.9048,3.8,3,4,4,4,4,4,4,3,4,4,4,4,3,4,4
15.66,167.9688,103.6987,3.8,3,4,4,4,4,4,4,3,4,4,4,4,3,4,4
15.68,157.6538,109.2529,3.8,3,4,4,4,4,4,4,3,4,4,4,4,3,4,4
15.7,142.7002,112.0605,3.8,3,4,4,4,4,4,4,3,4,4,4,4,3,4,4
15.72,128.6621,114.3799,3.8,3,4,4,4,4,4,4,3,4,4,4,4,3,4,4
15.74,125.2441,116.394,3.8,3,4,4,4,4,4,4,3,4,4,4,4,3,4,4
15.76,130.7983,115.6006,3.8,3,4,4,4,4,4,4,3,4,4,4,4,3,4,4
15.78,129.5166,110.3516,3.8,3,4,4,4,4,4,4,3,4,4,4,4,3,4,4
15.8,122.4365,98.1445,3.8,3,4,4,4,4,4,4,3,4,4,4,4,3,4,4
15.82,100.647,86.4258,3.8,3,4,4,4,4,4,4,3,4,4,4,4,3,4,4
15.84,83.6182,79.9561,3.8,3,4,4,4,4,4,4,3,4,4,4,4,3,4,4
15.86,65.918,70.0073,3.8,3,4,4,4,4,4,4,3,4,4,4,4,3,4,4
15.88,46.4478,43.7012,3.8,3,4,4,4,4,4,4,3,4,4,4,4,3,4,4
15.9,21.2402,2.0142,3.8,3,4,4,4,4,4,4,3,4,4,4,4,3,4,4
15.92,-1.9531,-44.6777,3.8,3,4,4,4,4,4,4,3,4,4,4,4,3,4,4
15.94,-11.4746,-62.2559,3.8,3,4,4,4,4,4,4,3,4,4,4,4,3,4,4
15.96,-49.4995,-59.5093,3.8,3,4,4,4,4,4,4,3,4,4,4,4,3,4,4
15.98,-80.3223,-87.3413,3.8,3,4,4,4,4,4,4,3,4,4,4,4,3,4,4
16,-87.3413,-69.0308,3.8,3,4,4,4,4,4,4,3,4,4,4,4,3,4,4
16.02,-73.0591,-27.4658,3.8,3,4,4,4,4,4,4,3,4,4,4,4,3,4,4
16.04,-119.2017,1.6479,3.8,3,4,4,4,4,4,4,3,4,4,4,4,3,4,4
16.06,-116.272,-15.564,3.8,3,4,4,4,4,4,4,3,4,4,4,4,3,4,4
16.08,-17.9443,-74.707,3.8,3,4,4,4,4,4,4,3,4,4,4,4,3,4,4
16.1,7.5684,-83.313,3.8,3,4,4,4,4,4,4,3,4,4,4,4,3,4,4
16.12,63.1714,-71.9604,3.8,3,4,4,4,4,4,4,3,4,4,4,4,3,4,4
16.14,84.8389,-48.2178,3.8,3,4,4,4,4,4,4,3,4,4,4,4,3,4,4
16.16,59.4482,-45.7764,3.8,3,4,4,4,4,4,4,3,4,4,4,4,3,4,4
16.18,-14.4653,-68.7256,3.8,3,4,4,4,4,4,4,3,4,4,4,4,3,4,4
16.2,-59.3262,-40.7715,3.8,3,4,4,4,4,4,4,3,4,4,4,4,3,4,4
16.22,-75.4395,-18.9209,3.8,3,4,4,4,4,4,4,3,4,4,4,4,3,4,4
16.24,-94.4214,-27.5879,3.8,3,4,4,4,4,4,4,3,4,4,4,4,3,4,4
16.26,-83.0688,-63.4766,3.8,3,4,4,4,4,4,4,3,4,4,4,4,3,4,4
16.28,-70.9839,-88.8062,3.8,3,4,4,4,4,4,4,3,4,4,4,4,3,4,4
16.3,-67.4438,-78.6743,3.8,3,4,4,4,4,4,4,3,4,4,4,4,3,4,4
16.32,-80.4443,-68.7866,3.8,3,4,4,4,4,4,4,3,4,4,4,4,3,4,4
16.34,-92.1021,-69.6411,3.8,3,4,4,4,4,4,4,3,4,4,4,4,3,4,4
16.36,-88.8062,-66.5894,3.8,3,4,4,4,4,4,4,3,4,4,4,4,3,4,4
16.38,-71.2891,-62.9883,3.8,3,4,4,4,4,4,4,3,4,4,4,4,3,4,4
16.4,-62.2559,-60.73,3.8,3,4,4,4,4,4,4,3,4,4,4,4,3,4,4
16.42,-63.4766,-59.6313,3.8,3,4,4,4,4,4,4,3,4,4,4,4,3,4,4
16.44,-70.7397,-63.9038,3.8,3,4,4,4,4,4,4,3,4,4,4,4,3,4,4
16.46,-68.6035,-60.5469,3.8,3,4,4,4,4,4,4,3,4,4,4,4,3,4,4
16.48,-52.1851,-57.4341,3.8,3,4,4,4,4,4,4,3,4,4,4,4,3,4,4
16.5,-29.6021,-46.3257,3.8,3,4,4,4,4,4,4,3,4,4,4,4,3,4,4
16.52,-17.1509,-25.4517,3.8,3,4,4,4,4,4,4,3,4,4,4,4,3,4,4
16.54,-0.4883,-12.3418,3.8,3,4,4,4,4,4,4,3,4,4,4,4,3,4,4
16.56,0.4272,28.9917,2.133333333,3,2,2,2,2,1,2,2,1,3,2,3,3,2,2
16.58,38.8794,78.8236,2.133333333,3,2,2,2,2,1,2,2,1,3,2,3,3,2,2
16.6,113.6475,111.6943,2.133333333,3,2,2,2,2,1,2,2,1,3,2,3,3,2,2
16.62,164.6118,97.29,2.133333333,3,2,2,2,2,1,2,2,1,3,2,3,3,2,2
16.64,169.3115,41.0156,2.133333333,3,2,2,2,2,1,2,2,1,3,2,3,3,2,2
16.66,173.3398,55.542,2.133333333,3,2,2,2,2,1,2,2,1,3,2,3,3,2,2
16.68,173.645,55.542,2.133333333,3,2,2,2,2,1,2,2,1,3,2,3,3,2,2
16.7,152.4658,65.4297,2.133333333,3,2,2,2,2,1,2,2,1,3,2,3,3,2,2
16.72,119.6289,70.2515,2.133333333,3,2,2,2,2,1,2,2,1,3,2,3,3,2,2
16.74,114.563,79.895,2.133333333,3,2,2,2,2,1,2,2,1,3,2,3,3,2,2
16.76,119.3237,99.1821,2.133333333,3,2,2,2,2,1,2,2,1,3,2,3,3,2,2
16.78,118.7744,116.0278,2.133333333,3,2,2,2,2,1,2,2,1,3,2,3,3,2,2
16.8,104.8584,111.5723,2.133333333,3,2,2,2,2,1,2,2,1,3,2,3,3,2,2
16.82,79.895,109.314,2.133333333,3,2,2,2,2,1,2,2,1,3,2,3,3,2,2
16.84,53.0396,105.957,2.133333333,3,2,2,2,2,1,2,2,1,3,2,3,3,2,2
16.86,34.3628,108.6426,2.133333333,3,2,2,2,2,1,2,2,1,3,2,3,3,2,2
16.88,27.7612,121.1548,2.133333333,3,2,2,2,2,1,2,2,1,3,2,3,3,2,2
16.9,13.6621,121.3379,2.133333333,3,2,2,2,2,1,2,2,1,3,2,3,3,2,2
16.92,-3.6621,97.229,2.133333333,3,2,2,2,2,1,2,2,1,3,2,3,3,2,2
16.94,-28.5645,59.6313,2.133333333,3,2,2,2,2,1,2,2,1,3,2,3,3,2,2
16.96,-57.4341,28.1372,2.133333333,3,2,2,2,2,1,2,2,1,3,2,3,3,2,2
16.98,-85.2661,26.9165,2.133333333,3,2,2,2,2,1,2,2,1,3,2,3,3,2,2
17,-108.7646,4.9438,2.133333333,3,2,2,2,2,1,2,2,1,3,2,3,3,2,2
17.02,-105.1025,-31.7383,2.133333333,3,2,2,2,2,1,2,2,1,3,2,3,3,2,2
17.04,-57.7393,-46.4478,2.133333333,3,2,2,2,2,1,2,2,1,3,2,3,3,2,2
17.06,-69.0918,-44.6777,2.133333333,3,2,2,2,2,1,2,2,1,3,2,3,3,2,2
17.08,-103.5156,-2.1973,2.133333333,3,2,2,2,2,1,2,2,1,3,2,3,3,2,2
17.1,-74.585,-4.5776,2.133333333,3,2,2,2,2,1,2,2,1,3,2,3,3,2,2
17.12,-49.3164,-57.6782,2.133333333,3,2,2,2,2,1,2,2,1,3,2,3,3,2,2
17.14,9.0942,-50.1709,2.133333333,3,2,2,2,2,1,2,2,1,3,2,3,3,2,2
17.16,57.8003,-59.6924,2.133333333,3,2,2,2,2,1,2,2,1,3,2,3,3,2,2
17.18,51.6968,-71.7773,2.133333333,3,2,2,2,2,1,2,2,1,3,2,3,3,2,2
17.2,51.6968,-86.792,2.133333333,3,2,2,2,2,1,2,2,1,3,2,3,3,2,2
17.22,54.1382,-113.6475,2.133333333,3,2,2,2,2,1,2,2,1,3,2,3,3,2,2
17.24,11.3525,-82.7637,2.133333333,3,2,2,2,2,1,2,2,1,3,2,3,3,2,2
17.26,-45.2881,-44.7388,2.133333333,3,2,2,2,2,1,2,2,1,3,2,3,3,2,2
17.28,-57.9834,-61.9507,2.133333333,3,2,2,2,2,1,2,2,1,3,2,3,3,2,2
17.3,-74.585,-94.7876,2.133333333,3,2,2,2,2,1,2,2,1,3,2,3,3,2,2
17.32,-62.6221,-105.7739,2.133333333,3,2,2,2,2,1,2,2,1,3,2,3,3,2,2
17.34,-53.2837,-91.3086,2.133333333,3,2,2,2,2,1,2,2,1,3,2,3,3,2,2
17.36,-43.9453,-83.374,2.133333333,3,2,2,2,2,1,2,2,1,3,2,3,3,2,2
17.38,-52.6123,-79.7729,2.133333333,3,2,2,2,2,1,2,2,1,3,2,3,3,2,2
17.4,-63.6597,-81.7871,2.133333333,3,2,2,2,2,1,2,2,1,3,2,3,3,2,2
17.42,-52.9785,-77.0264,2.133333333,3,2,2,2,2,1,2,2,1,3,2,3,3,2,2
17.44,-29.6631,-68.0542,2.133333333,3,2,2,2,2,1,2,2,1,3,2,3,3,2,2
17.46,-20.752,-68.9087,2.133333333,3,2,2,2,2,1,2,2,1,3,2,3,3,2,2
17.48,-23.0713,-70.0073,2.133333333,3,2,2,2,2,1,2,2,1,3,2,3,3,2,2
17.5,-29.8462,-52.002,2.133333333,3,2,2,2,2,1,2,2,1,3,2,3,3,2,2
17.52,-30.5786,-36.499,2.133333333,3,2,2,2,2,1,2,2,1,3,2,3,3,2,2
17.54,-16.2964,-36.6821,2.133333333,3,2,2,2,2,1,2,2,1,3,2,3,3,2,2
17.56,-2.1362,-6.3477,2.133333333,3,2,2,2,2,1,2,2,1,3,2,3,3,2,2
17.58,15.564,8.4839,3.933333333,4,3,4,4,4,4,4,3,4,5,4,4,4,4,4
17.6,30.8838,82.3975,3.933333333,4,3,4,4,4,4,4,3,4,5,4,4,4,4,4
17.62,43.9453,86.6089,3.933333333,4,3,4,4,4,4,4,3,4,5,4,4,4,4,4
17.64,57.8613,42.4194,3.933333333,4,3,4,4,4,4,4,3,4,5,4,4,4,4,4
17.66,72.8149,21.8506,3.933333333,4,3,4,4,4,4,4,3,4,5,4,4,4,4,4
17.68,86.5479,46.2646,3.933333333,4,3,4,4,4,4,4,3,4,5,4,4,4,4,4
17.7,113.4033,59.9365,3.933333333,4,3,4,4,4,4,4,3,4,5,4,4,4,4,4
17.72,145.9351,59.6313,3.933333333,4,3,4,4,4,4,4,3,4,5,4,4,4,4,4
17.74,151.062,67.4438,3.933333333,4,3,4,4,4,4,4,3,4,5,4,4,4,4,4
17.76,125.4883,89.3555,3.933333333,4,3,4,4,4,4,4,3,4,5,4,4,4,4,4
17.78,101.5625,105.7739,3.933333333,4,3,4,4,4,4,4,3,4,5,4,4,4,4,4
17.8,89.3555,112.4268,3.933333333,4,3,4,4,4,4,4,3,4,5,4,4,4,4,4
17.82,75.1953,107.4219,3.933333333,4,3,4,4,4,4,4,3,4,5,4,4,4,4,4
17.84,48.4009,99.7314,3.933333333,4,3,4,4,4,4,4,3,4,5,4,4,4,4,4
17.86,48.4009,93.0176,3.933333333,4,3,4,4,4,4,4,3,4,5,4,4,4,4,4
17.88,36.377,86.0596,3.933333333,4,3,4,4,4,4,4,3,4,5,4,4,4,4,4
17.9,24.292,86.0596,3.933333333,4,3,4,4,4,4,4,3,4,5,4,4,4,4,4
17.92,30.3345,58.4717,3.933333333,4,3,4,4,4,4,4,3,4,5,4,4,4,4,4
17.94,52.124,68.7256,3.933333333,4,3,4,4,4,4,4,3,4,5,4,4,4,4,4
17.96,50.9644,50.4761,3.933333333,4,3,4,4,4,4,4,3,4,5,4,4,4,4,4
17.98,36.8042,6.1646,3.933333333,4,3,4,4,4,4,4,3,4,5,4,4,4,4,4
18,20.874,-9.8267,3.933333333,4,3,4,4,4,4,4,3,4,5,4,4,4,4,4
18.02,0.2441,-17.2729,3.933333333,4,3,4,4,4,4,4,3,4,5,4,4,4,4,4
18.04,-27.71,-44.9219,3.933333333,4,3,4,4,4,4,4,3,4,5,4,4,4,4,4
18.06,-59.082,-67.8101,3.933333333,4,3,4,4,4,4,4,3,4,5,4,4,4,4,4
18.08,-94.6655,-35.2173,3.933333333,4,3,4,4,4,4,4,3,4,5,4,4,4,4,4
18.1,-130.7983,30.3345,3.933333333,4,3,4,4,4,4,4,3,4,5,4,4,4,4,4
18.12,-129.7607,24.7192,3.933333333,4,3,4,4,4,4,4,3,4,5,4,4,4,4,4
18.14,-76.355,-76.7212,3.933333333,4,3,4,4,4,4,4,3,4,5,4,4,4,4,4
18.16,-9.3384,-83.6792,3.933333333,4,3,4,4,4,4,4,3,4,5,4,4,4,4,4
18.18,43.7622,-36.3159,3.933333333,4,3,4,4,4,4,4,3,4,5,4,4,4,4,4
18.2,15.5029,-3.6621,3.933333333,4,3,4,4,4,4,4,3,4,5,4,4,4,4,4
18.22,-16.4795,-14.1602,3.933333333,4,3,4,4,4,4,4,3,4,5,4,4,4,4,4
18.24,-47.3633,-43.5181,3.933333333,4,3,4,4,4,4,4,3,4,5,4,4,4,4,4
18.26,-30.0903,-35.6445,3.933333333,4,3,4,4,4,4,4,3,4,5,4,4,4,4,4
18.28,-24.7192,-22.522,3.933333333,4,3,4,4,4,4,4,3,4,5,4,4,4,4,4
18.3,-43.1519,-36.8652,3.933333333,4,3,4,4,4,4,4,3,4,5,4,4,4,4,4
18.32,-64.5752,-46.1426,3.933333333,4,3,4,4,4,4,4,3,4,5,4,4,4,4,4
18.34,-60.9131,-45.0439,3.933333333,4,3,4,4,4,4,4,3,4,5,4,4,4,4,4
18.36,-48.7061,-36.9873,3.933333333,4,3,4,4,4,4,4,3,4,5,4,4,4,4,4
18.38,-54.4434,-29.48,3.933333333,4,3,4,4,4,4,4,3,4,5,4,4,4,4,4
18.4,-71.4722,-25.5127,3.933333333,4,3,4,4,4,4,4,3,4,5,4,4,4,4,4
18.42,-78.9185,-26.8555,3.933333333,4,3,4,4,4,4,4,3,4,5,4,4,4,4,4
18.44,-71.6553,-28.6865,3.933333333,4,3,4,4,4,4,4,3,4,5,4,4,4,4,4
18.46,-58.8989,-29.48,3.933333333,4,3,4,4,4,4,4,3,4,5,4,4,4,4,4
18.48,-50.9033,-34.668,3.933333333,4,3,4,4,4,4,4,3,4,5,4,4,4,4,4
18.5,-52.1851,-29.3579,3.933333333,4,3,4,4,4,4,4,3,4,5,4,4,4,4,4
18.52,-54.9316,-21.7285,3.933333333,4,3,4,4,4,4,4,3,4,5,4,4,4,4,4
18.54,-53.0396,-23.0103,3.933333333,4,3,4,4,4,4,4,3,4,5,4,4,4,4,4
18.56,-55.542,-24.353,3.933333333,4,3,4,4,4,4,4,3,4,5,4,4,4,4,4
18.58,-58.2275,-19.7144,3.933333333,4,3,4,4,4,4,4,3,4,5,4,4,4,4,4
18.6,-60.1196,-14.6484,3.933333333,4,3,4,4,4,4,4,3,4,5,4,4,4,4,4
18.62,-57.8613,-13.1545,3.933333333,4,3,4,4,4,4,4,3,4,5,4,4,4,4,4
18.64,-46.6309,-10.8032,3.933333333,4,3,4,4,4,4,4,3,4,5,4,4,4,4,4
18.66,-30.4565,-6.2866,3.933333333,4,3,4,4,4,4,4,3,4,5,4,4,4,4,4
18.68,-12.7563,-11.4746,3.933333333,4,3,4,4,4,4,4,3,4,5,4,4,4,4,4
18.7,-1.2817,-10.2539,3.933333333,4,3,4,4,4,4,4,3,4,5,4,4,4,4,4
18.72,4.3335,13.0615,2.6,3,2,2,3,3,2,3,2,4,2,3,3,2,3,2
18.74,27.5269,45.3491,2.6,3,2,2,3,3,2,3,2,4,2,3,3,2,3,2
18.76,39.978,42.4194,2.6,3,2,2,3,3,2,3,2,4,2,3,3,2,3,2
18.78,66.5894,35.2173,2.6,3,2,2,3,3,2,3,2,4,2,3,3,2,3,2
18.8,74.3408,63.7207,2.6,3,2,2,3,3,2,3,2,4,2,3,3,2,3,2
18.82,87.6465,102.6001,2.6,3,2,2,3,3,2,3,2,4,2,3,3,2,3,2
18.84,117.5537,122.9248,2.6,3,2,2,3,3,2,3,2,4,2,3,3,2,3,2
18.86,138.916,135.376,2.6,3,2,2,3,3,2,3,2,4,2,3,3,2,3,2
18.88,152.2827,136.1694,2.6,3,2,2,3,3,2,3,2,4,2,3,3,2,3,2
18.9,152.2827,157.5928,2.6,3,2,2,3,3,2,3,2,4,2,3,3,2,3,2
18.92,141.0522,200.0732,2.6,3,2,2,3,3,2,3,2,4,2,3,3,2,3,2
18.94,110.2905,231.2012,2.6,3,2,2,3,3,2,3,2,4,2,3,3,2,3,2
18.96,95.7031,212.5244,2.6,3,2,2,3,3,2,3,2,4,2,3,3,2,3,2
18.98,99.6704,157.2876,2.6,3,2,2,3,3,2,3,2,4,2,3,3,2,3,2
19,57.7393,136.7798,2.6,3,2,2,3,3,2,3,2,4,2,3,3,2,3,2
19.02,23.0713,162.5977,2.6,3,2,2,3,3,2,3,2,4,2,3,3,2,3,2
19.04,7.8735,130.0659,2.6,3,2,2,3,3,2,3,2,4,2,3,3,2,3,2
19.06,11.1084,90.8203,2.6,3,2,2,3,3,2,3,2,4,2,3,3,2,3,2
19.08,32.5317,57.0068,2.6,3,2,2,3,3,2,3,2,4,2,3,3,2,3,2
19.1,46.7529,24.231,2.6,3,2,2,3,3,2,3,2,4,2,3,3,2,3,2
19.12,50.5981,-20.3247,2.6,3,2,2,3,3,2,3,2,4,2,3,3,2,3,2
19.14,30.5786,-37.0483,2.6,3,2,2,3,3,2,3,2,4,2,3,3,2,3,2
19.16,6.2256,-22.0947,2.6,3,2,2,3,3,2,3,2,4,2,3,3,2,3,2
19.18,-19.7144,5.9204,2.6,3,2,2,3,3,2,3,2,4,2,3,3,2,3,2
19.2,-51.8799,-46.5698,2.6,3,2,2,3,3,2,3,2,4,2,3,3,2,3,2
19.22,-83.8623,-65.5518,2.6,3,2,2,3,3,2,3,2,4,2,3,3,2,3,2
19.24,-122.1924,-108.1543,2.6,3,2,2,3,3,2,3,2,4,2,3,3,2,3,2
19.26,-163.5132,-80.0781,2.6,3,2,2,3,3,2,3,2,4,2,3,3,2,3,2
19.28,-137.3291,-35.4614,2.6,3,2,2,3,3,2,3,2,4,2,3,3,2,3,2
19.3,-28.6865,-44.4946,2.6,3,2,2,3,3,2,3,2,4,2,3,3,2,3,2
19.32,36.8652,-79.1626,2.6,3,2,2,3,3,2,3,2,4,2,3,3,2,3,2
19.34,39.0015,-79.4678,2.6,3,2,2,3,3,2,3,2,4,2,3,3,2,3,2
19.36,34.1187,-46.936,2.6,3,2,2,3,3,2,3,2,4,2,3,3,2,3,2
19.38,-12.085,-33.3252,2.6,3,2,2,3,3,2,3,2,4,2,3,3,2,3,2
19.4,-5.8594,-56.7017,2.6,3,2,2,3,3,2,3,2,4,2,3,3,2,3,2
19.42,-12.8174,-85.4492,2.6,3,2,2,3,3,2,3,2,4,2,3,3,2,3,2
19.44,-18.4937,-90.9424,2.6,3,2,2,3,3,2,3,2,4,2,3,3,2,3,2
19.46,-50.1099,-77.6367,2.6,3,2,2,3,3,2,3,2,4,2,3,3,2,3,2
19.48,-78.8574,-73.4253,2.6,3,2,2,3,3,2,3,2,4,2,3,3,2,3,2
19.5,-70.6787,-73.4253,2.6,3,2,2,3,3,2,3,2,4,2,3,3,2,3,2
19.52,-75.3174,-71.7773,2.6,3,2,2,3,3,2,3,2,4,2,3,3,2,3,2
19.54,-80.8716,-76.0498,2.6,3,2,2,3,3,2,3,2,4,2,3,3,2,3,2
19.56,-78.7354,-78.064,2.6,3,2,2,3,3,2,3,2,4,2,3,3,2,3,2
19.58,-71.6553,-74.8901,2.6,3,2,2,3,3,2,3,2,4,2,3,3,2,3,2
19.6,-76.7822,-73.4253,2.6,3,2,2,3,3,2,3,2,4,2,3,3,2,3,2
19.62,-75.9277,-70.4346,2.6,3,2,2,3,3,2,3,2,4,2,3,3,2,3,2
19.64,-59.1431,-73.6084,2.6,3,2,2,3,3,2,3,2,4,2,3,3,2,3,2
19.66,-43.0908,-77.2095,2.6,3,2,2,3,3,2,3,2,4,2,3,3,2,3,2
19.68,-47.9736,-71.9604,2.6,3,2,2,3,3,2,3,2,4,2,3,3,2,3,2
19.7,-52.3682,-53.1616,2.6,3,2,2,3,3,2,3,2,4,2,3,3,2,3,2
19.72,-53.2227,-43.7012,2.6,3,2,2,3,3,2,3,2,4,2,3,3,2,3,2
19.74,-51.6968,-36.499,2.6,3,2,2,3,3,2,3,2,4,2,3,3,2,3,2
19.76,-37.7808,-45.9595,2.6,3,2,2,3,3,2,3,2,4,2,3,3,2,3,2
19.78,-21.6064,-8.1177,2.6,3,2,2,3,3,2,3,2,4,2,3,3,2,3,2
19.8,-2.1973,-0.1831,2.6,3,2,2,3,3,2,3,2,4,2,3,3,2,3,2
19.82,15.3809,47.3022,3.066666667,2,3,4,3,3,2,3,4,1,3,4,4,3,4,3
19.84,36.7432,79.6509,3.066666667,2,3,4,3,3,2,3,4,1,3,4,4,3,4,3
19.86,65.7959,48.8892,3.066666667,2,3,4,3,3,2,3,4,1,3,4,4,3,4,3
19.88,81.9092,33.3862,3.066666667,2,3,4,3,3,2,3,4,1,3,4,4,3,4,3
19.9,98.3276,20.3247,3.066666667,2,3,4,3,3,2,3,4,1,3,4,4,3,4,3
19.92,125.7324,12.3901,3.066666667,2,3,4,3,3,2,3,4,1,3,4,4,3,4,3
19.94,149.9023,23.8037,3.066666667,2,3,4,3,3,2,3,4,1,3,4,4,3,4,3
19.96,157.4707,49.1943,3.066666667,2,3,4,3,3,2,3,4,1,3,4,4,3,4,3
19.98,142.2119,79.1626,3.066666667,2,3,4,3,3,2,3,4,1,3,4,4,3,4,3
20,128.2959,105.3467,3.066666667,2,3,4,3,3,2,3,4,1,3,4,4,3,4,3
20.02,119.0796,129.5776,3.066666667,2,3,4,3,3,2,3,4,1,3,4,4,3,4,3
20.04,114.8682,151.5503,3.066666667,2,3,4,3,3,2,3,4,1,3,4,4,3,4,3
20.06,89.1724,153.3813,3.066666667,2,3,4,3,3,2,3,4,1,3,4,4,3,4,3
20.08,58.7158,137.8174,3.066666667,2,3,4,3,3,2,3,4,1,3,4,4,3,4,3
20.1,57.373,129.9438,3.066666667,2,3,4,3,3,2,3,4,1,3,4,4,3,4,3
20.12,76.416,127.5635,3.066666667,2,3,4,3,3,2,3,4,1,3,4,4,3,4,3
20.14,89.0503,131.4697,3.066666667,2,3,4,3,3,2,3,4,1,3,4,4,3,4,3
20.16,73.9746,133.9111,3.066666667,2,3,4,3,3,2,3,4,1,3,4,4,3,4,3
20.18,50.354,141.2964,3.066666667,2,3,4,3,3,2,3,4,1,3,4,4,3,4,3
20.2,23.4985,149.9634,3.066666667,2,3,4,3,3,2,3,4,1,3,4,4,3,4,3
20.22,-5.9204,147.2168,3.066666667,2,3,4,3,3,2,3,4,1,3,4,4,3,4,3
20.24,-33.5693,111.8774,3.066666667,2,3,4,3,3,2,3,4,1,3,4,4,3,4,3
20.26,-66.2231,68.4204,3.066666667,2,3,4,3,3,2,3,4,1,3,4,4,3,4,3
20.28,-105.3467,-3.7231,3.066666667,2,3,4,3,3,2,3,4,1,3,4,4,3,4,3
20.3,-134.8877,-53.833,3.066666667,2,3,4,3,3,2,3,4,1,3,4,4,3,4,3
20.32,-134.3384,-50.1709,3.066666667,2,3,4,3,3,2,3,4,1,3,4,4,3,4,3
20.34,-107.605,-31.9214,3.066666667,2,3,4,3,3,2,3,4,1,3,4,4,3,4,3
20.36,-85.8765,-66.3452,3.066666667,2,3,4,3,3,2,3,4,1,3,4,4,3,4,3
20.38,-33.7524,-91.8579,3.066666667,2,3,4,3,3,2,3,4,1,3,4,4,3,4,3
20.4,21.4233,-75.3784,3.066666667,2,3,4,3,3,2,3,4,1,3,4,4,3,4,3
20.42,34.729,-27.8931,3.066666667,2,3,4,3,3,2,3,4,1,3,4,4,3,4,3
20.44,39.0625,-28.3813,3.066666667,2,3,4,3,3,2,3,4,1,3,4,4,3,4,3
20.46,6.897,-68.1152,3.066666667,2,3,4,3,3,2,3,4,1,3,4,4,3,4,3
20.48,22.2168,-83.1909,3.066666667,2,3,4,3,3,2,3,4,1,3,4,4,3,4,3
20.5,-10.6812,-70.6177,3.066666667,2,3,4,3,3,2,3,4,1,3,4,4,3,4,3
20.52,-49.9878,-58.4106,3.066666667,2,3,4,3,3,2,3,4,1,3,4,4,3,4,3
20.54,-73.4863,-60.791,3.066666667,2,3,4,3,3,2,3,4,1,3,4,4,3,4,3
20.56,-98.0225,-75.1953,3.066666667,2,3,4,3,3,2,3,4,1,3,4,4,3,4,3
20.58,-59.6924,-87.4023,3.066666667,2,3,4,3,3,2,3,4,1,3,4,4,3,4,3
20.6,-34.729,-82.9468,3.066666667,2,3,4,3,3,2,3,4,1,3,4,4,3,4,3
20.62,-57.6782,-81.1768,3.066666667,2,3,4,3,3,2,3,4,1,3,4,4,3,4,3
20.64,-92.4683,-77.2095,3.066666667,2,3,4,3,3,2,3,4,1,3,4,4,3,4,3
20.66,-84.6558,-73.7305,3.066666667,2,3,4,3,3,2,3,4,1,3,4,4,3,4,3
20.68,-62.8052,-73.7305,3.066666667,2,3,4,3,3,2,3,4,1,3,4,4,3,4,3
20.7,-55.3589,-74.4019,3.066666667,2,3,4,3,3,2,3,4,1,3,4,4,3,4,3
20.72,-53.4058,-69.8853,3.066666667,2,3,4,3,3,2,3,4,1,3,4,4,3,4,3
20.74,-44.9219,-65.918,3.066666667,2,3,4,3,3,2,3,4,1,3,4,4,3,4,3
20.76,-35.7666,-63.3545,3.066666667,2,3,4,3,3,2,3,4,1,3,4,4,3,4,3
20.78,-29.9072,-70.2515,3.066666667,2,3,4,3,3,2,3,4,1,3,4,4,3,4,3
20.8,-27.5269,-82.7637,3.066666667,2,3,4,3,3,2,3,4,1,3,4,4,3,4,3
20.82,-28.6865,-72.5098,3.066666667,2,3,4,3,3,2,3,4,1,3,4,4,3,4,3
20.84,-32.3486,-59.6313,3.066666667,2,3,4,3,3,2,3,4,1,3,4,4,3,4,3
20.86,-33.02,-75.6836,3.066666667,2,3,4,3,3,2,3,4,1,3,4,4,3,4,3
20.88,-27.0996,-49.1943,3.066666667,2,3,4,3,3,2,3,4,1,3,4,4,3,4,3
20.9,-29.8462,-45.2881,3.066666667,2,3,4,3,3,2,3,4,1,3,4,4,3,4,3
20.92,-30.0293,-45.3491,3.066666667,2,3,4,3,3,2,3,4,1,3,4,4,3,4,3
20.94,-30.0293,0.2441,3.066666667,2,3,4,3,3,2,3,4,1,3,4,4,3,4,3
20.96,-19.4092,-29.541,3.066666667,2,3,4,3,3,2,3,4,1,3,4,4,3,4,3
20.98,-10.1318,-16.9678,3.066666667,2,3,4,3,3,2,3,4,1,3,4,4,3,4,3
21,-0.1831,-12.3421,3.066666667,2,3,4,3,3,2,3,4,1,3,4,4,3,4,3
21.02,10.5591,6.5308,1.866666667,2,1,2,3,2,1,2,2,3,2,2,1,2,2,1
21.04,25.6958,28.1372,1.866666667,2,1,2,3,2,1,2,2,3,2,2,1,2,2,1
21.06,44.1895,44.6167,1.866666667,2,1,2,3,2,1,2,2,3,2,2,1,2,2,1
21.08,60.6689,76.9653,1.866666667,2,1,2,3,2,1,2,2,3,2,2,1,2,2,1
21.1,78.4302,98.6328,1.866666667,2,1,2,3,2,1,2,2,3,2,2,1,2,2,1
21.12,90.7593,103.2715,1.866666667,2,1,2,3,2,1,2,2,3,2,2,1,2,2,1
21.14,110.5347,104.0039,1.866666667,2,1,2,3,2,1,2,2,3,2,2,1,2,2,1
21.16,157.3486,98.5718,1.866666667,2,1,2,3,2,1,2,2,3,2,2,1,2,2,1
21.18,152.0996,103.1494,1.866666667,2,1,2,3,2,1,2,2,3,2,2,1,2,2,1
21.2,131.1035,122.0703,1.866666667,2,1,2,3,2,1,2,2,3,2,2,1,2,2,1
21.22,107.605,124.0845,1.866666667,2,1,2,3,2,1,2,2,3,2,2,1,2,2,1
21.24,97.8394,120.3613,1.866666667,2,1,2,3,2,1,2,2,3,2,2,1,2,2,1
21.26,88.9282,130.7373,1.866666667,2,1,2,3,2,1,2,2,3,2,2,1,2,2,1
21.28,65.7959,156.7383,1.866666667,2,1,2,3,2,1,2,2,3,2,2,1,2,2,1
21.3,49.7437,157.1655,1.866666667,2,1,2,3,2,1,2,2,3,2,2,1,2,2,1
21.32,43.9453,119.6899,1.866666667,2,1,2,3,2,1,2,2,3,2,2,1,2,2,1
21.34,43.0298,101.8066,1.866666667,2,1,2,3,2,1,2,2,3,2,2,1,2,2,1
21.36,47.6074,55.6641,1.866666667,2,1,2,3,2,1,2,2,3,2,2,1,2,2,1
21.38,46.5698,-4.3335,1.866666667,2,1,2,3,2,1,2,2,3,2,2,1,2,2,1
21.4,37.1094,-34.2407,1.866666667,2,1,2,3,2,1,2,2,3,2,2,1,2,2,1
21.42,25.8179,-16.8457,1.866666667,2,1,2,3,2,1,2,2,3,2,2,1,2,2,1
21.44,6.5308,-11.7188,1.866666667,2,1,2,3,2,1,2,2,3,2,2,1,2,2,1
21.46,-18.0664,-50.4761,1.866666667,2,1,2,3,2,1,2,2,3,2,2,1,2,2,1
21.48,-48.5229,-88.1958,1.866666667,2,1,2,3,2,1,2,2,3,2,2,1,2,2,1
21.5,-90.8813,-89.4165,1.866666667,2,1,2,3,2,1,2,2,3,2,2,1,2,2,1
21.52,-117.7979,-71.9604,1.866666667,2,1,2,3,2,1,2,2,3,2,2,1,2,2,1
21.54,-102.7222,-36.1328,1.866666667,2,1,2,3,2,1,2,2,3,2,2,1,2,2,1
21.56,-53.2837,-51.9409,1.866666667,2,1,2,3,2,1,2,2,3,2,2,1,2,2,1
21.58,-1.2207,-88.562,1.866666667,2,1,2,3,2,1,2,2,3,2,2,1,2,2,1
21.6,34.6069,-102.417,1.866666667,2,1,2,3,2,1,2,2,3,2,2,1,2,2,1
21.62,23.8037,-69.8242,1.866666667,2,1,2,3,2,1,2,2,3,2,2,1,2,2,1
21.64,5.188,-63.3545,1.866666667,2,1,2,3,2,1,2,2,3,2,2,1,2,2,1
21.66,-12.6343,-80.0781,1.866666667,2,1,2,3,2,1,2,2,3,2,2,1,2,2,1
21.68,-1.2207,-84.7168,1.866666667,2,1,2,3,2,1,2,2,3,2,2,1,2,2,1
21.7,-8.728,-84.7778,1.866666667,2,1,2,3,2,1,2,2,3,2,2,1,2,2,1
21.72,-48.1567,-75.6226,1.866666667,2,1,2,3,2,1,2,2,3,2,2,1,2,2,1
21.74,-75.0122,-75.6836,1.866666667,2,1,2,3,2,1,2,2,3,2,2,1,2,2,1
21.76,-95.0317,-76.6602,1.866666667,2,1,2,3,2,1,2,2,3,2,2,1,2,2,1
21.78,-90.3931,-69.8242,1.866666667,2,1,2,3,2,1,2,2,3,2,2,1,2,2,1
21.8,-82.3364,-66.1011,1.866666667,2,1,2,3,2,1,2,2,3,2,2,1,2,2,1
21.82,-73.6084,-74.2188,1.866666667,2,1,2,3,2,1,2,2,3,2,2,1,2,2,1
21.84,-71.5332,-84.0454,1.866666667,2,1,2,3,2,1,2,2,3,2,2,1,2,2,1
21.86,-71.4722,-81.543,1.866666667,2,1,2,3,2,1,2,2,3,2,2,1,2,2,1
21.88,-62.6831,-76.0498,1.866666667,2,1,2,3,2,1,2,2,3,2,2,1,2,2,1
21.9,-58.4106,-83.1909,1.866666667,2,1,2,3,2,1,2,2,3,2,2,1,2,2,1
21.92,-54.0771,-77.4536,1.866666667,2,1,2,3,2,1,2,2,3,2,2,1,2,2,1
21.94,-51.7578,-61.8896,1.866666667,2,1,2,3,2,1,2,2,3,2,2,1,2,2,1
21.96,-55.542,-45.105,1.866666667,2,1,2,3,2,1,2,2,3,2,2,1,2,2,1
21.98,-57.373,-71.2891,1.866666667,2,1,2,3,2,1,2,2,3,2,2,1,2,2,1
22,-56.3354,-84.2285,1.866666667,2,1,2,3,2,1,2,2,3,2,2,1,2,2,1
22.02,-58.7158,-84.8389,1.866666667,2,1,2,3,2,1,2,2,3,2,2,1,2,2,1
22.04,-56.6406,-49.1333,1.866666667,2,1,2,3,2,1,2,2,3,2,2,1,2,2,1
22.06,-41.3818,-20.2139,1.866666667,2,1,2,3,2,1,2,2,3,2,2,1,2,2,1
22.08,-14.5874,-5.8532,1.866666667,2,1,2,3,2,1,2,2,3,2,2,1,2,2,1
22.1,7.3853,5.7983,3.333333333,3,3,3,3,4,3,3,4,3,4,4,4,3,4,2
22.12,37.2314,46.2646,3.333333333,3,3,3,3,4,3,3,4,3,4,4,4,3,4,2
22.14,69.519,52.6733,3.333333333,3,3,3,3,4,3,3,4,3,4,4,4,3,4,2
22.16,91.7969,70.3735,3.333333333,3,3,3,3,4,3,3,4,3,4,4,4,3,4,2
22.18,105.0415,104.4312,3.333333333,3,3,3,3,4,3,3,4,3,4,4,4,3,4,2
22.2,118.4082,117.9199,3.333333333,3,3,3,3,4,3,3,4,3,4,4,4,3,4,2
22.22,131.4697,127.3193,3.333333333,3,3,3,3,4,3,3,4,3,4,4,4,3,4,2
22.24,153.3813,140.686,3.333333333,3,3,3,3,4,3,3,4,3,4,4,4,3,4,2
22.26,148.9258,148.9258,3.333333333,3,3,3,3,4,3,3,4,3,4,4,4,3,4,2
22.28,129.2114,147.644,3.333333333,3,3,3,3,4,3,3,4,3,4,4,4,3,4,2
22.3,103.8208,156.7993,3.333333333,3,3,3,3,4,3,3,4,3,4,4,4,3,4,2
22.32,96.3135,179.3213,3.333333333,3,3,3,3,4,3,3,4,3,4,4,4,3,4,2
22.34,96.3745,178.1616,3.333333333,3,3,3,3,4,3,3,4,3,4,4,4,3,4,2
22.36,88.562,160.5835,3.333333333,3,3,3,3,4,3,3,4,3,4,4,4,3,4,2
22.38,80.9937,139.8926,3.333333333,3,3,3,3,4,3,3,4,3,4,4,4,3,4,2
22.4,77.5146,128.9673,3.333333333,3,3,3,3,4,3,3,4,3,4,4,4,3,4,2
22.42,71.7773,122.4365,3.333333333,3,3,3,3,4,3,3,4,3,4,4,4,3,4,2
22.44,59.5093,64.5142,3.333333333,3,3,3,3,4,3,3,4,3,4,4,4,3,4,2
22.46,44.1284,0.1831,3.333333333,3,3,3,3,4,3,3,4,3,4,4,4,3,4,2
22.48,23.8037,-37.4756,3.333333333,3,3,3,3,4,3,3,4,3,4,4,4,3,4,2
22.5,-10.7422,-67.3218,3.333333333,3,3,3,3,4,3,3,4,3,4,4,4,3,4,2
22.52,-53.2837,-51.8188,3.333333333,3,3,3,3,4,3,3,4,3,4,4,4,3,4,2
22.54,-97.6563,-38.6963,3.333333333,3,3,3,3,4,3,3,4,3,4,4,4,3,4,2
22.56,-146.6064,-52.6733,3.333333333,3,3,3,3,4,3,3,4,3,4,4,4,3,4,2
22.58,-179.0161,-77.7588,3.333333333,3,3,3,3,4,3,3,4,3,4,4,4,3,4,2
22.6,-173.3398,-97.5952,3.333333333,3,3,3,3,4,3,3,4,3,4,4,4,3,4,2
22.62,-173.3398,-59.2041,3.333333333,3,3,3,3,4,3,3,4,3,4,4,4,3,4,2
22.64,-120.6055,-54.9927,3.333333333,3,3,3,3,4,3,3,4,3,4,4,4,3,4,2
22.66,-37.2314,-85.2051,3.333333333,3,3,3,3,4,3,3,4,3,4,4,4,3,4,2
22.68,56.3354,-94.1162,3.333333333,3,3,3,3,4,3,3,4,3,4,4,4,3,4,2
22.7,55.9082,-86.3647,3.333333333,3,3,3,3,4,3,3,4,3,4,4,4,3,4,2
22.72,5.7983,-67.0166,3.333333333,3,3,3,3,4,3,3,4,3,4,4,4,3,4,2
22.74,-34.8511,-56.8848,3.333333333,3,3,3,3,4,3,3,4,3,4,4,4,3,4,2
22.76,-33.6304,-54.6875,3.333333333,3,3,3,3,4,3,3,4,3,4,4,4,3,4,2
22.78,-25.5737,-65.3076,3.333333333,3,3,3,3,4,3,3,4,3,4,4,4,3,4,2
22.8,-39.5508,-89.1113,3.333333333,3,3,3,3,4,3,3,4,3,4,4,4,3,4,2
22.82,-60.0586,-113.1592,3.333333333,3,3,3,3,4,3,3,4,3,4,4,4,3,4,2
22.84,-74.0356,-99.9146,3.333333333,3,3,3,3,4,3,3,4,3,4,4,4,3,4,2
22.86,-66.2842,-76.9043,3.333333333,3,3,3,3,4,3,3,4,3,4,4,4,3,4,2
22.88,-60.4248,-70.9839,3.333333333,3,3,3,3,4,3,3,4,3,4,4,4,3,4,2
22.9,-62.3779,-78.9795,3.333333333,3,3,3,3,4,3,3,4,3,4,4,4,3,4,2
22.92,-66.1621,-76.9653,3.333333333,3,3,3,3,4,3,3,4,3,4,4,4,3,4,2
22.94,-69.2749,-92.4683,3.333333333,3,3,3,3,4,3,3,4,3,4,4,4,3,4,2
22.96,-70.3735,-86.6699,3.333333333,3,3,3,3,4,3,3,4,3,4,4,4,3,4,2
22.98,-74.2798,-81.9092,3.333333333,3,3,3,3,4,3,3,4,3,4,4,4,3,4,2
23,-67.8101,-77.0874,3.333333333,3,3,3,3,4,3,3,4,3,4,4,4,3,4,2
23.02,-53.5889,-71.7163,3.333333333,3,3,3,3,4,3,3,4,3,4,4,4,3,4,2
23.04,-56.3354,-51.1475,3.333333333,3,3,3,3,4,3,3,4,3,4,4,4,3,4,2
23.06,-61.5234,-14.6484,3.333333333,3,3,3,3,4,3,3,4,3,4,4,4,3,4,2
23.08,-65.3076,-28.1982,3.333333333,3,3,3,3,4,3,3,4,3,4,4,4,3,4,2
23.1,-67.0776,-16.7847,3.333333333,3,3,3,3,4,3,3,4,3,4,4,4,3,4,2
23.12,-57.4951,-43.0908,3.333333333,3,3,3,3,4,3,3,4,3,4,4,4,3,4,2
23.14,-37.4756,-17.7002,3.333333333,3,3,3,3,4,3,3,4,3,4,4,4,3,4,2
23.16,-9.6436,-1.4648,3.333333333,3,3,3,3,4,3,3,4,3,4,4,4,3,4,2
23.18,0.061,0.1831,1.733333333,2,1,2,2,2,2,3,2,1,1,2,3,1,1,1
23.2,15.3198,45.8984,1.733333333,2,1,2,2,2,2,3,2,1,1,2,3,1,1,1
23.22,26.1841,60.3638,1.733333333,2,1,2,2,2,2,3,2,1,1,2,3,1,1,1
23.24,38.8184,52.8564,1.733333333,2,1,2,2,2,2,3,2,1,1,2,3,1,1,1
23.26,58.4106,40.2832,1.733333333,2,1,2,2,2,2,3,2,1,1,2,3,1,1,1
23.28,83.4351,57.9224,1.733333333,2,1,2,2,2,2,3,2,1,1,2,3,1,1,1
23.3,110.2905,58.5327,1.733333333,2,1,2,2,2,2,3,2,1,1,2,3,1,1,1
23.32,139.7095,61.5234,1.733333333,2,1,2,2,2,2,3,2,1,1,2,3,1,1,1
23.34,151.3672,61.5234,1.733333333,2,1,2,2,2,2,3,2,1,1,2,3,1,1,1
23.36,134.9487,80.5664,1.733333333,2,1,2,2,2,2,3,2,1,1,2,3,1,1,1
23.38,120.3613,107.4219,1.733333333,2,1,2,2,2,2,3,2,1,1,2,3,1,1,1
23.4,120.9717,122.4976,1.733333333,2,1,2,2,2,2,3,2,1,1,2,3,1,1,1
23.42,117.7979,108.2153,1.733333333,2,1,2,2,2,2,3,2,1,1,2,3,1,1,1
23.44,107.3608,90.9424,1.733333333,2,1,2,2,2,2,3,2,1,1,2,3,1,1,1
23.46,100.647,83.8213,1.733333333,2,1,2,2,2,2,3,2,1,1,2,3,1,1,1
23.48,88.9893,81.0547,1.733333333,2,1,2,2,2,2,3,2,1,1,2,3,1,1,1
23.5,91.1865,80.7389,1.733333333,2,1,2,2,2,2,3,2,1,1,2,3,1,1,1
23.52,81.9702,74.4629,1.733333333,2,1,2,2,2,2,3,2,1,1,2,3,1,1,1
23.54,60.6079,76.3455,1.733333333,2,1,2,2,2,2,3,2,1,1,2,3,1,1,1
23.56,42.1753,62.1338,1.733333333,2,1,2,2,2,2,3,2,1,1,2,3,1,1,1
23.58,21.1792,17.5171,1.733333333,2,1,2,2,2,2,3,2,1,1,2,3,1,1,1
23.6,-5.9204,26.8555,1.733333333,2,1,2,2,2,2,3,2,1,1,2,3,1,1,1
23.62,-38.4521,7.4328,1.733333333,2,1,2,2,2,2,3,2,1,1,2,3,1,1,1
23.64,-72.3877,-20.4122,1.733333333,2,1,2,2,2,2,3,2,1,1,2,3,1,1,1
23.66,-106.1401,-36.1938,1.733333333,2,1,2,2,2,2,3,2,1,1,2,3,1,1,1
23.68,-133.2397,-63.4155,1.733333333,2,1,2,2,2,2,3,2,1,1,2,3,1,1,1
23.7,-125.7324,-42.6636,1.733333333,2,1,2,2,2,2,3,2,1,1,2,3,1,1,1
23.72,-49.0112,-13.4277,1.733333333,2,1,2,2,2,2,3,2,1,1,2,3,1,1,1
23.74,-5.6763,-90.1489,1.733333333,2,1,2,2,2,2,3,2,1,1,2,3,1,1,1
23.76,4.0283,-74.9512,1.733333333,2,1,2,2,2,2,3,2,1,1,2,3,1,1,1
23.78,-23.0713,-30.7007,1.733333333,2,1,2,2,2,2,3,2,1,1,2,3,1,1,1
23.8,-32.3486,-46.4478,1.733333333,2,1,2,2,2,2,3,2,1,1,2,3,1,1,1
23.82,-21.1182,-66.3452,1.733333333,2,1,2,2,2,2,3,2,1,1,2,3,1,1,1
23.84,-36.8042,-65.2466,1.733333333,2,1,2,2,2,2,3,2,1,1,2,3,1,1,1
23.86,-52.9785,-84.0454,1.733333333,2,1,2,2,2,2,3,2,1,1,2,3,1,1,1
23.88,-68.5425,-87.9517,1.733333333,2,1,2,2,2,2,3,2,1,1,2,3,1,1,1
23.9,-92.9565,-65.6738,1.733333333,2,1,2,2,2,2,3,2,1,1,2,3,1,1,1
23.92,-89.2944,-68.6646,1.733333333,2,1,2,2,2,2,3,2,1,1,2,3,1,1,1
23.94,-72.6929,-82.4585,1.733333333,2,1,2,2,2,2,3,2,1,1,2,3,1,1,1
23.96,-76.2939,-90.5151,1.733333333,2,1,2,2,2,2,3,2,1,1,2,3,1,1,1
23.98,-89.4165,-79.834,1.733333333,2,1,2,2,2,2,3,2,1,1,2,3,1,1,1
24,-97.0459,-70.4956,1.733333333,2,1,2,2,2,2,3,2,1,1,2,3,1,1,1
24.02,-92.2241,-62.0117,1.733333333,2,1,2,2,2,2,3,2,1,1,2,3,1,1,1
24.04,-81.543,-61.8286,1.733333333,2,1,2,2,2,2,3,2,1,1,2,3,1,1,1
24.06,-77.0874,-62.3415,1.733333333,2,1,2,2,2,2,3,2,1,1,2,3,1,1,1
24.08,-72.8149,-51.4526,1.733333333,2,1,2,2,2,2,3,2,1,1,2,3,1,1,1
24.1,-66.5283,-44.6167,1.733333333,2,1,2,2,2,2,3,2,1,1,2,3,1,1,1
24.12,-61.8286,-39.4287,1.733333333,2,1,2,2,2,2,3,2,1,1,2,3,1,1,1
24.14,-61.4014,-20.5688,1.733333333,2,1,2,2,2,2,3,2,1,1,2,3,1,1,1
24.16,-64.7583,-15.5029,1.733333333,2,1,2,2,2,2,3,2,1,1,2,3,1,1,1
24.18,-69.0918,-5.9814,1.733333333,2,1,2,2,2,2,3,2,1,1,2,3,1,1,1
24.2,-66.1011,-11.5967,1.733333333,2,1,2,2,2,2,3,2,1,1,2,3,1,1,1
24.22,-33.02,-15.9302,1.733333333,2,1,2,2,2,2,3,2,1,1,2,3,1,1,1
24.24,-3.2349,-5.3248,1.733333333,2,1,2,2,2,2,3,2,1,1,2,3,1,1,1
